sku,name,cost,wholesale_price,msrp,is_discontinued,qty_zoey,qty_shopify,on_hand,units_4w,units_13w,units_52w,rev_zoey_30d,rev_shopify_30d,rev_zoey_7d,rev_shopify_7d,rev_total_30d,rev_total_7d,daily_vel_4w,daily_vel_13w,daily_vel,days_cover,months_cover,lead_time_days,target_units,suggested_order_qty,reorder_flag,overstock_flag,inventory_value,excess_inv_value,blended_price,gp_per_sku
OCFJ38BBA,Cage Fighter Jig 3/8oz Blk/Brown Amber,3.2,4.92,8.99,False,0.0,0.0,0.0,0.0,12.0,45.0,0.0,0.0,0.0,0.0,0.0,0.0,0.0,0.13186813186813187,0.13186813186813187,0.0,0.0,180,26.0,26.0,True,False,0.0,0.0,6.14,0.0
OCFJ38MP,Cage Fighter Jig 3/8oz Mud Puppy,3.2,4.92,8.99,False,0.0,0.0,0.0,0.0,5.0,27.0,0.0,0.0,0.0,0.0,0.0,0.0,0.0,0.054945054945054944,0.054945054945054944,0.0,0.0,180,11.0,11.0,True,False,0.0,0.0,6.14,0.0
OCFJ58BM,Cage Fighter Jig 5/8oz Bream,3.2,4.92,8.99,False,0.0,0.0,0.0,4.0,9.0,42.0,0.0,39.96,0.0,9.99,39.96,9.99,0.14285714285714285,0.0989010989010989,0.0989010989010989,0.0,0.0,180,20.0,20.0,True,False,0.0,0.0,6.14,0.0
OJJ38SF,Juice Jig 3/8oz Sunfish,1.96,3.47,5.99,False,0.0,0.0,0.0,0.0,43.0,227.0,0.0,5.99,0.0,0.0,5.99,0.0,0.0,0.4725274725274725,0.4725274725274725,0.0,0.0,180,95.0,95.0,True,False,0.0,0.0,4.23,0.0
OJJ12BS,Juice Jig 1/2oz Bruise,1.96,3.47,5.99,False,0.0,0.0,0.0,16.0,67.0,196.0,19.74,59.9,0.0,0.0,79.64,0.0,0.5714285714285714,0.7362637362637363,0.7362637362637363,0.0,0.0,180,147.0,147.0,True,False,0.0,0.0,4.23,0.0
OSFJ38BBA,Stealth Fighter Jig 3/8oz Blk/Brown Amber,3.2,4.92,8.99,False,0.0,0.0,0.0,6.0,22.0,45.0,0.0,59.94,0.0,49.95,59.94,49.95,0.21428571428571427,0.24175824175824176,0.24175824175824176,0.0,0.0,180,48.0,48.0,True,False,0.0,0.0,6.14,0.0
OSFJ38BM,Stealth Fighter Jig 3/8oz Bream,3.2,4.92,8.99,False,0.0,0.0,0.0,0.0,15.0,42.0,0.0,0.0,0.0,0.0,0.0,0.0,0.0,0.16483516483516483,0.16483516483516483,0.0,0.0,180,33.0,33.0,True,False,0.0,0.0,6.14,0.0
OSFJ58BM,Stealth Fighter Jig 5/8oz Bream,3.2,4.92,8.99,False,0.0,0.0,0.0,4.0,10.0,54.0,0.0,49.95,0.0,0.0,49.95,0.0,0.14285714285714285,0.10989010989010989,0.10989010989010989,0.0,0.0,180,22.0,22.0,True,False,0.0,0.0,6.14,0.0
OSFJ58MC,Stealth Fighter Jig 5/8oz Money Craw,3.2,4.92,8.99,False,0.0,0.0,0.0,0.0,100.0,106.0,0.0,0.0,0.0,0.0,0.0,0.0,0.0,1.098901098901099,1.098901098901099,0.0,0.0,180,220.0,220.0,True,False,0.0,0.0,6.14,0.0
OSFJ34BM,Stealth Fighter Jig 3/4oz Bream,3.2,4.92,8.99,False,0.0,0.0,0.0,0.0,7.0,24.0,0.0,0.0,0.0,0.0,0.0,0.0,0.0,0.07692307692307693,0.07692307692307693,0.0,0.0,180,15.0,15.0,True,False,0.0,0.0,6.14,0.0
OSFJ38DP,Stealth Fighter Jig 3/8oz Ditch Pickle,3.2,4.67,8.99,False,0.0,0.0,0.0,0.0,10.0,24.0,0.0,0.0,0.0,0.0,0.0,0.0,0.0,0.10989010989010989,0.10989010989010989,0.0,0.0,180,22.0,22.0,True,False,0.0,0.0,5.97,0.0
OSFJ38T,Stealth Fighter Jig 3/8oz Tilapia,3.2,4.67,8.99,False,0.0,0.0,0.0,0.0,25.0,25.0,0.0,0.0,0.0,0.0,0.0,0.0,0.0,0.27472527472527475,0.27472527472527475,0.0,0.0,180,55.0,55.0,True,False,0.0,0.0,5.97,0.0
OSFJ38GPC,Stealth Fighter Jig 3/8oz Green Pumpkin Craw,3.2,4.67,8.99,False,0.0,0.0,0.0,0.0,9.0,26.0,0.0,0.0,0.0,0.0,0.0,0.0,0.0,0.0989010989010989,0.0989010989010989,0.0,0.0,180,20.0,20.0,True,False,0.0,0.0,5.97,0.0
OSFJ12T,Stealth Fighter Jig 1/2oz Tilapia,3.2,4.67,8.99,False,0.0,0.0,0.0,0.0,25.0,25.0,0.0,0.0,0.0,0.0,0.0,0.0,0.0,0.27472527472527475,0.27472527472527475,0.0,0.0,180,55.0,55.0,True,False,0.0,0.0,5.97,0.0
OJPJ38BG,JackPot Jig 3/8oz Bluegill,3.21,5.21,8.99,False,0.0,0.0,0.0,0.0,118.0,257.0,0.0,8.99,0.0,0.0,8.99,0.0,0.0,1.2967032967032968,1.2967032967032968,0.0,0.0,180,259.0,259.0,True,False,0.0,0.0,6.34,0.0
OJPJ38BBP,JackPot Jig 3/8oz Black/Blue/Purple,3.21,5.21,8.99,False,0.0,0.0,0.0,10.0,127.0,241.0,0.0,98.89,0.0,35.96,98.89,35.96,0.35714285714285715,1.3956043956043955,1.3956043956043955,0.0,0.0,180,279.0,279.0,True,False,0.0,0.0,6.34,0.0
OSFJ12MC,Stealth Fighter Jig 1/2oz Money Craw,3.2,4.92,8.99,False,0.0,3.0,3.0,27.0,79.0,99.0,0.0,279.72,0.0,109.89,279.72,109.89,0.9642857142857143,0.8681318681318682,0.8681318681318682,3.5,0.1,180,174.0,171.0,True,False,9.6,0.0,6.14,8.82
OED16B,Eyedrop 1/16oz Black,3.5,6.17,10.29,False,18.0,0.0,18.0,36.0,218.0,271.0,37.02,370.44,0.0,0.0,407.46,0.0,1.2857142857142858,2.3956043956043955,2.3956043956043955,7.5,0.3,180,479.0,461.0,True,False,63.0,0.0,7.41,70.38
112-LOB-A,Jig Life Hat,15.0,29.99,29.99,False,0.0,1.0,1.0,1.0,12.0,18.0,0.0,29.99,0.0,29.99,29.99,29.99,0.03571428571428571,0.13186813186813187,0.13186813186813187,7.6,0.3,180,26.0,25.0,True,False,15.0,0.0,29.99,14.99
OGSH31630W,Golden Eye Swimmer Head 3/16oz (3/0) White - 2pk,1.82,3.47,5.99,False,0.0,5.0,5.0,11.0,47.0,126.0,0.0,65.89,0.0,0.0,65.89,0.0,0.39285714285714285,0.5164835164835165,0.5164835164835165,9.7,0.3,180,103.0,98.0,True,False,9.1,0.0,4.23,12.05
OSJH38DM,Pro Swim Jig Heavy 3/8oz Dirty Money,2.16,3.47,5.99,False,6.0,3.0,9.0,16.0,81.0,173.0,19.74,59.9,0.0,23.96,79.64,23.96,0.5714285714285714,0.8901098901098901,0.8901098901098901,10.1,0.4,180,178.0,169.0,True,False,19.44,0.0,4.23,18.63
OJPJ14BG,JackPot Jig 1/4oz Bluegill,3.21,5.21,8.99,False,12.0,1.0,13.0,25.0,103.0,177.0,59.28,134.85,0.0,0.0,194.13,0.0,0.8928571428571429,1.1318681318681318,1.1318681318681318,11.5,0.4,180,226.0,213.0,True,False,41.73,0.0,6.34,40.69
OMJ1830BLK,Money Jig 1/8oz (3/0) Black - 4pk,2.36,4.05,6.99,False,0.0,9.0,9.0,4.0,67.0,192.0,0.0,27.96,0.0,0.0,27.96,0.0,0.14285714285714285,0.7362637362637363,0.7362637362637363,12.2,0.4,180,147.0,138.0,True,False,21.24,0.0,4.93,23.13
OJJ38PBJ,Juice Jig 3/8oz PB&J,1.96,3.47,5.99,False,30.0,0.0,30.0,71.0,173.0,405.0,159.0,137.77,0.0,11.98,296.77,11.98,2.5357142857142856,1.901098901098901,1.901098901098901,15.8,0.6,180,380.0,350.0,True,False,58.8,0.0,4.23,68.1
OJJ38BS,Juice Jig 3/8oz Bruise,1.96,3.47,5.99,False,5.0,0.0,5.0,0.0,25.0,116.0,0.0,0.0,0.0,0.0,0.0,0.0,0.0,0.27472527472527475,0.27472527472527475,18.2,0.6,180,55.0,50.0,True,False,9.8,0.0,4.23,11.35
OCFJ58BSH,Cage Fighter Jig 5/8oz Black Sapphire,3.2,4.92,8.99,False,0.0,2.0,2.0,0.0,9.0,43.0,0.0,0.0,0.0,0.0,0.0,0.0,0.0,0.0989010989010989,0.0989010989010989,20.2,0.7,180,20.0,18.0,True,False,6.4,0.0,6.14,5.88
OJPJ38RS,JackPot Jig 3/8oz Rainbow Shad,3.21,5.21,8.99,False,18.0,4.0,22.0,17.0,95.0,146.0,29.64,98.89,0.0,17.98,128.53,17.98,0.6071428571428571,1.043956043956044,1.043956043956044,21.1,0.8,180,209.0,187.0,True,False,70.62,0.0,6.34,68.86
OSJH38AS,Pro Swim Jig Heavy 3/8oz Alabama Shad,2.16,3.47,5.99,False,18.0,2.0,20.0,13.0,84.0,110.0,0.0,77.87,0.0,35.94,77.87,35.94,0.4642857142857143,0.9230769230769231,0.9230769230769231,21.7,0.8,180,185.0,165.0,True,False,43.2,0.0,4.23,41.4
OGSH1810GP,Golden Eye Swimmer Head 1/8oz (1/0) Green Pumpkin - 2pk,1.82,3.47,5.99,False,0.0,11.0,11.0,12.0,40.0,133.0,39.48,0.0,0.0,0.0,39.48,0.0,0.42857142857142855,0.43956043956043955,0.43956043956043955,25.0,0.9,180,88.0,77.0,True,False,20.02,0.0,4.23,26.51
OJPJ38GS,JackPot Jig 3/8oz Guntersville Shad,3.21,5.21,8.99,False,36.0,9.0,45.0,14.0,139.0,213.0,29.64,98.89,0.0,17.98,128.53,17.98,0.5,1.5274725274725274,1.5274725274725274,29.5,1.1,180,305.0,260.0,True,False,144.45,0.0,6.34,140.85
OJJ38BB,Juice Jig 3/8oz Black Blue,1.96,3.47,5.99,False,60.0,0.0,60.0,60.0,162.0,395.0,159.0,71.88,0.0,0.0,230.88,0.0,2.142857142857143,1.7802197802197801,1.7802197802197801,33.7,1.2,180,356.0,296.0,True,False,117.6,0.0,4.23,136.2
OCFJ58MP,Cage Fighter Jig 5/8oz Mud Puppy,3.2,4.92,8.99,False,0.0,3.0,3.0,2.0,8.0,9.0,0.0,19.98,0.0,19.98,19.98,19.98,0.07142857142857142,0.08791208791208792,0.08791208791208792,34.1,1.2,180,18.0,15.0,True,False,9.6,0.0,6.14,8.82
OED16SH,Eyedrop 1/16oz Shad,3.5,6.17,10.29,False,60.0,14.0,74.0,46.0,186.0,254.0,109.5,349.86,0.0,0.0,459.36,0.0,1.6428571428571428,2.043956043956044,2.043956043956044,36.2,1.3,180,409.0,335.0,True,False,259.0,0.0,7.41,289.34
OJPJ12BG,JackPot Jig 1/2oz Bluegill,3.21,5.21,8.99,False,36.0,7.0,43.0,13.0,103.0,188.0,29.64,80.91,0.0,17.98,110.55,17.98,0.4642857142857143,1.1318681318681318,1.1318681318681318,38.0,1.4,180,226.0,183.0,True,False,138.03,0.0,6.34,134.59
OGSH1840UN,Golden Eye Swimmer Head 1/8oz (4/0) Unpainted - 2pk,1.82,3.47,5.99,False,0.0,21.0,21.0,0.0,50.0,112.0,0.0,0.0,0.0,0.0,0.0,0.0,0.0,0.5494505494505495,0.5494505494505495,38.2,1.4,180,110.0,89.0,True,False,38.22,0.0,4.23,50.61
OSJH38MGC,Pro Swim Jig Heavy 3/8oz Magic Craw,2.16,3.47,5.99,False,36.0,6.0,42.0,24.0,99.0,185.0,19.74,107.82,0.0,5.99,127.56,5.99,0.8571428571428571,1.0879120879120878,1.0879120879120878,38.6,1.4,180,218.0,176.0,True,False,90.72,0.0,4.23,86.94
OGSH3810GP,Golden Eye Swimmer Head 3/8oz (1/0) Green Pumpkin - 2pk,1.82,3.47,5.99,False,0.0,10.0,10.0,1.0,23.0,68.0,0.0,6.52,0.0,6.52,6.52,6.52,0.03571428571428571,0.25274725274725274,0.25274725274725274,39.6,1.4,180,51.0,41.0,True,False,18.2,0.0,4.23,24.1
Skirt-SAS-5pk,Swim Jig Skirt Alabama Shad,1.8,3.47,5.99,True,12.0,0.0,12.0,6.0,24.0,54.0,19.74,0.0,0.0,0.0,19.74,0.0,0.21428571428571427,0.26373626373626374,0.26373626373626374,45.5,1.6,180,53.0,41.0,True,False,21.6,0.0,4.23,29.16
OJJ12BB,Juice Jig 1/2oz Black Blue,1.96,3.47,5.99,False,96.0,0.0,96.0,49.0,175.0,456.0,78.96,155.74,0.0,5.99,234.7,5.99,1.75,1.9230769230769231,1.9230769230769231,49.9,1.8,180,385.0,289.0,True,False,188.16,0.0,4.23,217.92
OCFJ38CH,Cage Fighter Jig 3/8oz Chocolate,3.2,4.92,8.99,False,0.0,4.0,4.0,1.0,7.0,10.0,0.0,9.99,0.0,0.0,9.99,0.0,0.03571428571428571,0.07692307692307693,0.07692307692307693,52.0,1.9,180,15.0,11.0,True,False,12.8,0.0,6.14,11.76
OJJ38WRC,Juice Jig 3/8oz Watermelon Red Craw,1.96,3.47,5.99,False,36.0,14.0,50.0,19.0,82.0,140.0,39.48,53.91,0.0,0.0,93.39,0.0,0.6785714285714286,0.9010989010989011,0.9010989010989011,55.5,2.0,180,180.0,130.0,True,False,98.0,0.0,4.23,113.5
OJPJ14BBP,JackPot Jig 1/4oz Black/Blue/Purple,3.21,5.21,8.99,False,54.0,6.0,60.0,8.0,97.0,144.0,0.0,71.92,0.0,0.0,71.92,0.0,0.2857142857142857,1.065934065934066,1.065934065934066,56.3,2.0,180,213.0,153.0,True,False,192.6,0.0,6.34,187.8
OSJH38GS,Pro Swim Jig Heavy 3/8oz Ghost Shad,2.16,3.47,5.99,False,48.0,0.0,48.0,19.0,74.0,140.0,19.74,77.87,0.0,0.0,97.61,0.0,0.6785714285714286,0.8131868131868132,0.8131868131868132,59.0,2.1,180,163.0,115.0,True,False,103.68,0.0,4.23,99.36
OGSH1830UN,Golden Eye Swimmer Head 1/8oz (3/0)Unpainted - 2pk,1.82,3.47,5.99,False,90.0,9.0,99.0,24.0,146.0,405.0,83.28,0.0,0.0,0.0,83.28,0.0,0.8571428571428571,1.6043956043956045,1.6043956043956045,61.7,2.2,180,321.0,222.0,True,False,180.18,0.0,4.23,238.59
OJJ38UC,Juice Jig 3/8oz Upshaw (Natural) Craw,1.96,3.47,5.99,False,66.0,6.0,72.0,27.0,98.0,213.0,40.56,89.85,0.0,11.98,130.41,11.98,0.9642857142857143,1.0769230769230769,1.0769230769230769,66.9,2.4,180,215.0,143.0,True,False,141.12,0.0,4.23,163.44
OJPJ12BBP,JackPot Jig 1/2oz Black/Blue/Purple,3.21,5.21,8.99,False,72.0,7.0,79.0,17.0,97.0,165.0,60.9,44.95,0.0,17.98,105.85,17.98,0.6071428571428571,1.065934065934066,1.065934065934066,74.1,2.6,180,213.0,134.0,True,False,253.59,0.0,6.34,247.27
OSNT31640B,Shake N' Take 3/16oz (4/0) Black 3pk,2.0,3.89,6.49,False,18.0,9.0,27.0,6.0,33.0,63.0,21.42,0.0,0.0,0.0,21.42,0.0,0.21428571428571427,0.3626373626373626,0.3626373626373626,74.5,2.7,180,73.0,46.0,True,False,54.0,0.0,4.67,72.09
OSJ14WL,Pro Swim Jig 1/4oz White Lightning,2.16,3.47,5.99,False,18.0,10.0,28.0,16.0,33.0,71.0,40.56,23.96,0.0,0.0,64.52,0.0,0.5714285714285714,0.3626373626373626,0.3626373626373626,77.2,2.8,180,73.0,45.0,True,False,60.48,0.0,4.23,57.96
OTI-OFNF18-SH-2,Float N Fly 1/8oz Shad 2pk,3.01,6.37,10.99,False,48.0,10.0,58.0,5.0,68.0,106.0,0.0,54.95,0.0,0.0,54.95,0.0,0.17857142857142858,0.7472527472527473,0.7472527472527473,77.6,2.8,180,149.0,91.0,True,False,174.58,0.0,7.76,275.5
OSJH38WR,Pro Swim Jig Heavy 3/8oz White Rainbow,2.16,3.47,5.99,False,54.0,17.0,71.0,17.0,82.0,131.0,19.74,65.89,0.0,11.98,85.63,11.98,0.6071428571428571,0.9010989010989011,0.9010989010989011,78.8,2.8,180,180.0,109.0,True,False,153.36,0.0,4.23,146.97
355-SIB-A,Jig Life Hat,15.0,29.99,29.99,False,0.0,8.0,8.0,1.0,9.0,14.0,0.0,29.99,0.0,29.99,29.99,29.99,0.03571428571428571,0.0989010989010989,0.0989010989010989,80.9,2.9,180,20.0,12.0,True,False,120.0,0.0,29.99,119.92
OSFJ38FC,Stealth Fighter Jig 3/8oz Fighter Craw,3.2,4.92,8.99,False,0.0,35.0,35.0,16.0,37.0,51.0,0.0,159.84,0.0,79.92,159.84,79.92,0.5714285714285714,0.4065934065934066,0.4065934065934066,86.1,3.1,180,81.0,46.0,True,False,112.0,0.0,6.14,102.9
OJJ12PBJ,Juice Jig 1/2oz PB&J,1.96,3.47,5.99,False,96.0,3.0,99.0,37.0,98.0,274.0,59.22,113.81,0.0,35.94,173.03,35.94,1.3214285714285714,1.0769230769230769,1.0769230769230769,91.9,3.3,180,215.0,116.0,True,False,194.04,0.0,4.23,224.73
OGSH1830W,Golden Eye Swimmer Head 1/8oz (3/0) White - 2pk,1.82,3.47,5.99,False,54.0,13.0,67.0,0.0,66.0,252.0,0.0,0.0,0.0,0.0,0.0,0.0,0.0,0.7252747252747253,0.7252747252747253,92.4,3.3,180,145.0,78.0,True,False,121.94,0.0,4.23,161.47
OGSH3830W,Golden Eye Swimmer Head 3/8oz (3/0) White - 2pk,1.82,3.47,5.99,False,36.0,18.0,54.0,10.0,52.0,108.0,19.74,23.96,0.0,0.0,43.7,0.0,0.35714285714285715,0.5714285714285714,0.5714285714285714,94.5,3.4,180,114.0,60.0,True,False,98.28,0.0,4.23,130.14
OGSH1440GP,Golden Eye Swimmer Head 1/4oz (4/0) Green Pumpkin - 2pk,1.82,3.47,5.99,False,36.0,10.0,46.0,19.0,44.0,62.0,61.38,5.99,0.0,0.0,67.37,0.0,0.6785714285714286,0.4835164835164835,0.4835164835164835,95.1,3.4,180,97.0,51.0,True,False,83.72,0.0,4.23,110.86
OMJ31640GP,Money Jig 3/16oz (4/0) Green Pumpkin - 4pk,2.36,4.05,6.99,False,54.0,14.0,68.0,0.0,61.0,118.0,0.0,0.0,0.0,0.0,0.0,0.0,0.0,0.6703296703296703,0.6703296703296703,101.4,3.6,180,134.0,66.0,True,False,160.48,0.0,4.93,174.76
OSNT31640GP,Shake N' Take 3/16oz (4/0) Green Pumpkin 3pk,2.0,3.89,6.49,False,24.0,10.0,34.0,6.0,30.0,60.0,21.42,0.0,0.0,0.0,21.42,0.0,0.21428571428571427,0.32967032967032966,0.32967032967032966,103.1,3.7,180,66.0,32.0,True,False,68.0,0.0,4.67,90.78
OGSH3830GP,Golden Eye Swimmer Head 3/8oz (3/0) Green Pumpkin - 2pk,1.82,3.47,5.99,False,96.0,10.0,106.0,10.0,89.0,192.0,20.82,23.96,0.0,0.0,44.78,0.0,0.35714285714285715,0.978021978021978,0.978021978021978,108.4,3.9,180,196.0,90.0,True,False,192.92,0.0,4.23,255.46
112-BNK-A,Jig Life Hat,15.0,29.99,29.99,False,0.0,6.0,6.0,1.0,5.0,14.0,0.0,29.99,0.0,0.0,29.99,0.0,0.03571428571428571,0.054945054945054944,0.054945054945054944,109.2,3.9,180,11.0,5.0,True,False,90.0,0.0,29.99,89.94
OSJH38BB,Pro Swim Jig Heavy 3/8oz Black Blue,2.16,3.47,5.99,False,180.0,3.0,183.0,23.0,152.0,241.0,40.56,65.89,0.0,17.97,106.45,17.97,0.8214285714285714,1.6703296703296704,1.6703296703296704,109.6,3.9,180,334.0,151.0,True,False,395.28,0.0,4.23,378.81
112-BRKH,Jig Life Hat,15.0,29.99,29.99,False,0.0,10.0,10.0,1.0,8.0,11.0,0.0,29.99,0.0,0.0,29.99,0.0,0.03571428571428571,0.08791208791208792,0.08791208791208792,113.7,4.1,180,18.0,8.0,True,False,150.0,0.0,29.99,149.9
OSJH14AS,Pro Swim Jig Heavy 1/4oz Alabama Shad,2.16,3.47,5.99,False,54.0,4.0,58.0,15.0,46.0,74.0,19.74,54.97,0.0,25.02,74.71,25.02,0.5357142857142857,0.5054945054945055,0.5054945054945055,114.7,4.1,180,101.0,43.0,True,False,125.28,0.0,4.23,120.06
OJJ12WRC,Juice Jig 1/2oz Watermelon Red Craw,1.96,3.47,5.99,False,96.0,5.0,101.0,26.0,76.0,119.0,19.74,119.8,0.0,11.98,139.54,11.98,0.9285714285714286,0.8351648351648352,0.8351648351648352,120.9,4.3,180,167.0,66.0,True,False,197.96,0.0,4.23,229.27
Skirt-TBM-5pk,Frogs Hair Skirt Bream,1.8,3.47,5.99,True,42.0,0.0,42.0,24.0,30.0,84.0,82.2,0.0,0.0,0.0,82.2,0.0,0.8571428571428571,0.32967032967032966,0.32967032967032966,127.4,4.6,180,66.0,24.0,True,False,75.6,0.0,4.23,102.06
OGSH1240GP,Golden Eye Swimmer Head 1/2oz (4/0) Green Pumpkin - 2pk,1.82,3.47,5.99,False,6.0,7.0,13.0,0.0,9.0,69.0,0.0,0.0,0.0,0.0,0.0,0.0,0.0,0.0989010989010989,0.0989010989010989,131.4,4.7,180,20.0,7.0,True,False,23.66,0.0,4.23,31.33
OGSH1250UN,Golden Eye Swimmer Head 1/2oz (5/0) Unpainted - 2pk,1.82,3.47,5.99,False,30.0,8.0,38.0,0.0,26.0,55.0,0.0,0.0,0.0,0.0,0.0,0.0,0.0,0.2857142857142857,0.2857142857142857,133.0,4.8,180,57.0,19.0,True,False,69.16,0.0,4.23,91.58
OPC11GBR,Poppin Craw 11 Grams Brown,4.17,5.99,9.99,False,106.0,8.0,114.0,17.0,78.0,108.0,65.88,60.09,0.0,20.13,125.97,20.13,0.6071428571428571,0.8571428571428571,0.8571428571428571,133.0,4.8,180,171.0,57.0,True,False,475.38,0.0,7.19,344.28
OSJ14GS,Pro Swim Jig 1/4oz Ghost Shad,2.16,3.47,5.99,False,42.0,5.0,47.0,19.0,32.0,70.0,40.56,41.93,0.0,23.96,82.49,23.96,0.6785714285714286,0.3516483516483517,0.3516483516483517,133.7,4.8,180,70.0,23.0,True,False,101.52,0.0,4.23,97.29
OSJ38BB,Pro Swim Jig 3/8oz Black /Blue,2.16,3.47,5.99,False,60.0,8.0,68.0,19.0,46.0,150.0,39.48,41.93,0.0,11.98,81.41,11.98,0.6785714285714286,0.5054945054945055,0.5054945054945055,134.5,4.8,180,101.0,33.0,True,False,146.88,0.0,4.23,140.76
ORL1430,Radar Love 1/4 oz,2.94,4.63,7.99,False,114.0,19.0,133.0,19.0,89.0,162.0,83.34,7.99,0.0,0.0,91.33,0.0,0.6785714285714286,0.978021978021978,0.978021978021978,136.0,4.9,180,196.0,63.0,True,False,391.02,0.0,5.64,359.1
OGSH1840W,Golden Eye Swimmer Head 1/8oz (4/0) White - 2pk,1.82,3.47,5.99,False,2.0,16.0,18.0,0.0,12.0,100.0,0.0,0.0,0.0,0.0,0.0,0.0,0.0,0.13186813186813187,0.13186813186813187,136.5,4.9,180,26.0,8.0,True,False,32.76,0.0,4.23,43.38
Skirt-SDM-5pk,Swim Jig Skirt Dirty Money,1.8,3.47,5.99,True,18.0,0.0,18.0,0.0,12.0,48.0,0.0,0.0,0.0,0.0,0.0,0.0,0.0,0.13186813186813187,0.13186813186813187,136.5,4.9,180,26.0,8.0,True,False,32.4,0.0,4.23,43.74
OGSH31630UN,Golden Eye Swimmer Head 3/16oz (3/0) Unpainted - 2pk,1.82,3.47,5.99,False,96.0,13.0,109.0,18.0,72.0,173.0,62.46,0.0,0.0,0.0,62.46,0.0,0.6428571428571429,0.7912087912087912,0.7912087912087912,137.8,4.9,180,158.0,49.0,True,False,198.38,0.0,4.23,262.69
OGSH3840GP,Golden Eye Swimmer Head 3/8oz (4/0) Green Pumpkin - 2pk,1.82,3.47,5.99,False,54.0,13.0,67.0,6.0,44.0,135.0,19.74,0.0,0.0,0.0,19.74,0.0,0.21428571428571427,0.4835164835164835,0.4835164835164835,138.6,5.0,180,97.0,30.0,True,False,121.94,0.0,4.23,161.47
OPC7GBR,Poppin Craw 7 Grams Brown,4.17,5.99,9.99,False,114.0,6.0,120.0,14.0,78.0,108.0,32.94,80.07,0.0,40.11,113.01,40.11,0.5,0.8571428571428571,0.8571428571428571,140.0,5.0,180,171.0,51.0,True,False,500.4,0.0,7.19,362.4
OGSH1240UN,Golden Eye Swimmer Head 1/2oz (4/0) Unpainted - 2pk,1.82,3.47,5.99,False,54.0,13.0,67.0,12.0,43.0,79.0,40.56,0.0,0.0,0.0,40.56,0.0,0.42857142857142855,0.4725274725274725,0.4725274725274725,141.8,5.1,180,95.0,28.0,True,False,121.94,0.0,4.23,161.47
OSJH14PR,Pro Swim Jig Heavy 1/4oz Perch,2.16,3.47,5.99,False,30.0,9.0,39.0,9.0,25.0,59.0,19.74,17.97,0.0,11.98,37.71,11.98,0.32142857142857145,0.27472527472527475,0.27472527472527475,142.0,5.1,180,55.0,16.0,True,False,84.24,0.0,4.23,80.73
OJJ12UC,Juice Jig 1/2oz Upshaw (Natural) Craw,1.96,3.47,5.99,False,138.0,3.0,141.0,27.0,90.0,211.0,39.48,89.85,0.0,11.98,129.33,11.98,0.9642857142857143,0.989010989010989,0.989010989010989,142.6,5.1,180,198.0,57.0,True,False,276.36,0.0,4.23,320.07
OSJH38BG,Pro Swim Jig Heavy 3/8oz Bold Gill,2.16,3.47,5.99,False,102.0,0.0,102.0,4.0,65.0,114.0,0.0,23.96,0.0,0.0,23.96,0.0,0.14285714285714285,0.7142857142857143,0.7142857142857143,142.8,5.1,180,143.0,41.0,True,False,220.32,0.0,4.23,211.14
OPN33220GP,Perfect Ned Head 3/32oz (2/0) Green Pumpkin - 3pk.,2.14,4.05,6.99,False,42.0,12.0,54.0,30.0,34.0,107.0,118.98,0.0,0.0,0.0,118.98,0.0,1.0714285714285714,0.37362637362637363,0.37362637362637363,144.5,5.2,180,75.0,21.0,True,False,115.56,0.0,4.93,150.66
OSFJ12BBA,Stealth Fighter Jig 1/2oz Blk/Brown Amber,3.2,4.92,8.99,False,0.0,16.0,16.0,3.0,10.0,21.0,0.0,29.97,0.0,29.97,29.97,29.97,0.10714285714285714,0.10989010989010989,0.10989010989010989,145.6,5.2,180,22.0,6.0,True,False,51.2,0.0,6.14,47.04
ORL31620,Radar Love 3/16 oz,2.94,4.63,7.99,False,102.0,13.0,115.0,12.0,71.0,157.0,54.12,0.0,0.0,0.0,54.12,0.0,0.42857142857142855,0.7802197802197802,0.7802197802197802,147.4,5.3,180,156.0,41.0,True,False,338.1,0.0,5.64,310.5
OSFJ12BM,Stealth Fighter Jig 1/2oz Bream,3.2,4.92,8.99,False,0.0,56.0,56.0,10.0,34.0,39.0,0.0,109.89,0.0,0.0,109.89,0.0,0.35714285714285715,0.37362637362637363,0.37362637362637363,149.9,5.4,180,75.0,19.0,True,False,179.2,0.0,6.14,164.64
OMJ31640BLK,Money Jig 3/16oz (4/0) Black - 4pk,2.36,4.05,6.99,False,66.0,9.0,75.0,0.0,45.0,141.0,0.0,0.0,0.0,0.0,0.0,0.0,0.0,0.4945054945054945,0.4945054945054945,151.7,5.4,180,99.0,24.0,True,False,177.0,0.0,4.93,192.75
OSNT1440B,Shake N' Take 1/4oz (4/0) Black 3pk,2.0,3.89,6.49,False,36.0,9.0,45.0,7.0,27.0,57.0,21.42,6.49,0.0,0.0,27.91,0.0,0.25,0.2967032967032967,0.2967032967032967,151.7,5.4,180,59.0,14.0,True,False,90.0,0.0,4.67,120.15
OMJ1830CHT,Money Jig 1/8oz (3/0) Chart.  - 4pk,2.36,4.05,6.99,False,168.0,12.0,180.0,0.0,102.0,180.0,0.0,0.0,0.0,0.0,0.0,0.0,0.0,1.120879120879121,1.120879120879121,160.6,5.7,180,224.0,44.0,True,False,424.8,0.0,4.93,462.6
OJPJ12GS,JackPot Jig 1/2oz Guntersville Shad,3.21,5.21,8.99,False,102.0,9.0,111.0,3.0,62.0,105.0,0.0,26.97,0.0,17.98,26.97,17.98,0.10714285714285714,0.6813186813186813,0.6813186813186813,162.9,5.8,180,136.0,25.0,True,False,356.31,0.0,6.34,347.43
OPN33220BLK,Perfect Ned Head 3/32oz (2/0) Black - 3pk.,2.14,4.05,6.99,False,78.0,7.0,85.0,39.0,47.0,140.0,143.28,17.97,0.0,0.0,161.25,0.0,1.3928571428571428,0.5164835164835165,0.5164835164835165,164.6,5.9,180,103.0,18.0,True,False,181.9,0.0,4.93,237.15
OGSH31630GP,Golden Eye Swimmer Head 3/16oz (3/0) Green Pumpkin - 2pk,1.82,3.47,5.99,False,96.0,8.0,104.0,14.0,57.0,153.0,40.56,11.98,0.0,0.0,52.54,0.0,0.5,0.6263736263736264,0.6263736263736264,166.0,5.9,180,125.0,21.0,True,False,189.28,0.0,4.23,250.64
OPC7GO,Poppin Craw 7 Grams Olive,4.17,5.99,9.99,False,114.0,9.0,123.0,6.0,67.0,97.0,0.0,59.94,0.0,9.99,59.94,9.99,0.21428571428571427,0.7362637362637363,0.7362637362637363,167.1,6.0,180,147.0,24.0,True,False,512.91,0.0,7.19,371.46
OGSH1810UN,Golden Eye Swimmer Head 1/8oz (1/0) Unpainted - 2pk,1.82,3.47,5.99,False,72.0,9.0,81.0,31.0,44.0,135.0,99.78,6.52,0.0,6.52,106.3,6.52,1.1071428571428572,0.4835164835164835,0.4835164835164835,167.5,6.0,180,97.0,16.0,True,False,147.42,0.0,4.23,195.21
OGSH1430GP,Golden Eye Swimmer Head 1/4oz (3/0) Green Pumpkin - 2pk,1.82,3.47,5.99,False,234.0,10.0,244.0,39.0,132.0,256.0,120.6,17.97,0.0,0.0,138.57,0.0,1.3928571428571428,1.4505494505494505,1.4505494505494505,168.2,6.0,180,290.0,46.0,True,False,444.08,0.0,4.23,588.04
OSJ38SC,Pro Swim Jig 3/8oz Shell Cracker,2.16,3.47,5.99,False,102.0,3.0,105.0,11.0,55.0,117.0,19.74,35.94,0.0,5.99,55.68,5.99,0.39285714285714285,0.6043956043956044,0.6043956043956044,173.7,6.2,180,121.0,16.0,True,False,226.8,0.0,4.23,217.35
ORL1810,Radar Love 1/8 oz,2.94,4.63,7.99,False,132.0,9.0,141.0,6.0,73.0,137.0,27.78,0.0,0.0,0.0,27.78,0.0,0.21428571428571427,0.8021978021978022,0.8021978021978022,175.8,6.3,180,160.0,19.0,True,False,414.54,0.0,5.64,380.7
OGSH1250W,Golden Eye Swimmer Head 1/2oz (5/0) White - 2pk,1.82,3.47,5.99,False,30.0,7.0,37.0,11.0,19.0,29.0,19.74,29.95,0.0,0.0,49.69,0.0,0.39285714285714285,0.2087912087912088,0.2087912087912088,177.2,6.3,180,42.0,5.0,True,False,67.34,0.0,4.23,89.17
OJPJ14GS,JackPot Jig 1/4oz Guntersville Shad,3.21,5.21,8.99,False,126.0,5.0,131.0,6.0,66.0,95.0,0.0,80.91,0.0,17.98,80.91,17.98,0.21428571428571427,0.7252747252747253,0.7252747252747253,180.6,6.4,180,145.0,14.0,True,False,420.51,0.0,6.34,410.03
Skirt-SWR-5pk,Swim Jig Skirt White Rainbow,1.8,3.47,5.99,True,24.0,0.0,24.0,0.0,12.0,30.0,0.0,0.0,0.0,0.0,0.0,0.0,0.0,0.13186813186813187,0.13186813186813187,182.0,6.5,180,26.0,2.0,True,False,43.2,0.0,4.23,58.32
OPN31620GP,Perfect Ned Head 3/16oz (2/0) Green Pumpkin - 3pk.,2.14,4.05,6.99,False,108.0,12.0,120.0,12.0,59.0,143.0,48.6,0.0,0.0,0.0,48.6,0.0,0.42857142857142855,0.6483516483516484,0.6483516483516484,185.1,6.6,180,130.0,10.0,True,False,256.8,0.0,4.93,334.8
OGSH3830UN,Golden Eye Swimmer Head 3/8oz (3/0) Unpainted - 2pk,1.82,3.47,5.99,False,216.0,7.0,223.0,4.0,107.0,212.0,0.0,23.96,0.0,0.0,23.96,0.0,0.14285714285714285,1.1758241758241759,1.1758241758241759,189.7,6.8,180,235.0,12.0,True,False,405.86,0.0,4.23,537.43
OGSH1830GP,Golden Eye Swimmer Head 1/8oz (3/0) Green Pumpkin - 2pk,1.82,3.47,5.99,False,156.0,9.0,165.0,7.0,79.0,207.0,20.82,5.99,0.0,0.0,26.81,0.0,0.25,0.8681318681318682,0.8681318681318682,190.1,6.8,180,174.0,9.0,True,False,300.3,0.0,4.23,397.65
OCFJ12CH,Cage Fighter Jig 1/2oz Chocolate,3.2,4.92,8.99,False,0.0,45.0,45.0,7.0,21.0,26.0,0.0,69.93,0.0,0.0,69.93,0.0,0.25,0.23076923076923078,0.23076923076923078,195.0,7.0,180,46.0,1.0,True,False,144.0,0.0,6.14,132.3
OPN33210BLK,Perfect Ned Head 3/32oz (1/0) Black - 3pk.,2.14,4.05,6.99,False,132.0,9.0,141.0,22.0,65.0,166.0,72.9,23.96,0.0,5.99,96.86,5.99,0.7857142857142857,0.7142857142857143,0.7142857142857143,197.4,7.0,180,143.0,2.0,True,False,301.74,0.0,4.93,393.39
OSJ38BG,Pro Swim Jig 3/8oz Bold Gill,2.16,3.47,5.99,False,84.0,8.0,92.0,2.0,42.0,116.0,0.0,11.98,0.0,0.0,11.98,0.0,0.07142857142857142,0.46153846153846156,0.46153846153846156,199.3,7.1,180,92.0,0.0,False,False,198.72,0.0,4.23,190.44
OPC11GR,Poppin Craw 11 Grams Rust,4.17,5.99,9.99,False,120.0,12.0,132.0,0.0,60.0,90.0,0.0,0.0,0.0,0.0,0.0,0.0,0.0,0.6593406593406593,0.6593406593406593,200.2,7.2,180,132.0,0.0,False,False,550.44,0.0,7.19,398.64
OMJ31640CHT,Money Jig 3/16oz (4/0) Chart. - 4pk,2.36,4.05,6.99,False,162.0,12.0,174.0,0.0,79.0,157.0,0.0,0.0,0.0,0.0,0.0,0.0,0.0,0.8681318681318682,0.8681318681318682,200.4,7.2,180,174.0,0.0,False,False,410.64,0.0,4.93,447.18
OJJ12GA,Juice Jig 1/2oz Gator Craw,1.96,3.47,5.99,False,126.0,9.0,135.0,10.0,61.0,143.0,0.0,59.9,0.0,11.98,59.9,11.98,0.35714285714285715,0.6703296703296703,0.6703296703296703,201.4,7.2,180,134.0,0.0,False,False,264.6,1.96,4.23,306.45
OPC11GO,Poppin Craw 11 Grams Olive,4.17,5.99,9.99,False,120.0,14.0,134.0,3.0,59.0,89.0,0.0,29.97,0.0,9.99,29.97,9.99,0.10714285714285714,0.6483516483516484,0.6483516483516484,206.7,7.4,180,130.0,0.0,False,False,558.78,16.68,7.19,404.68
OSJ38MGC,Pro Swim Jig 3/8oz Magic Craw,2.16,3.47,5.99,False,90.0,15.0,105.0,10.0,46.0,138.0,19.74,23.96,0.0,17.97,43.7,17.97,0.35714285714285715,0.5054945054945055,0.5054945054945055,207.7,7.4,180,101.0,0.0,False,False,226.8,8.64,4.23,217.35
OPN31620BLK,Perfect Ned Head 3/16oz (2/0) Black - 3pk.,2.14,4.05,6.99,False,222.0,10.0,232.0,20.0,101.0,242.0,71.64,11.98,0.0,0.0,83.62,0.0,0.7142857142857143,1.10989010989011,1.10989010989011,209.0,7.5,180,222.0,0.0,False,False,496.48,21.4,4.93,647.28
OSJ14WR,Pro Swim Jig 1/4oz White/Rainbow,2.16,3.47,5.99,False,36.0,6.0,42.0,7.0,18.0,78.0,0.0,53.91,0.0,5.99,53.91,5.99,0.25,0.1978021978021978,0.1978021978021978,212.3,7.6,180,40.0,0.0,False,False,90.72,4.32,4.23,86.94
OSJH14GS,Pro Swim Jig Heavy 1/4oz Ghost Shad,2.16,3.47,5.99,False,72.0,1.0,73.0,6.0,30.0,69.0,0.0,35.94,0.0,29.95,35.94,29.95,0.21428571428571427,0.32967032967032966,0.32967032967032966,221.4,7.9,180,66.0,0.0,False,False,157.68,15.12,4.23,151.11
OPC7GR,Poppin Craw 7 Grams Rust,4.17,5.99,9.99,False,126.0,11.0,137.0,5.0,56.0,86.0,0.0,59.94,0.0,9.99,59.94,9.99,0.17857142857142858,0.6153846153846154,0.6153846153846154,222.6,8.0,180,123.0,0.0,False,False,571.29,58.38,7.19,413.74
OSJ14AS,Pro Swim Jig 1/4oz Alabama Shad,2.16,3.47,5.99,False,114.0,5.0,119.0,14.0,48.0,72.0,20.82,47.92,0.0,29.95,68.74,29.95,0.5,0.5274725274725275,0.5274725274725275,225.6,8.1,180,105.0,0.0,False,False,257.04,30.24,4.23,246.33
OSJ14DM,Pro Swim Jig 1/4oz Dirty Money,2.16,3.47,5.99,False,72.0,10.0,82.0,10.0,33.0,96.0,20.82,23.96,0.0,5.99,44.78,5.99,0.35714285714285715,0.3626373626373626,0.3626373626373626,226.1,8.1,180,73.0,0.0,False,False,177.12,19.44,4.23,169.74
OSFJ12GPC,Stealth Fighter Jig 1/2oz Green Pumpkin Craw,3.2,4.92,8.99,False,0.0,65.0,65.0,12.0,26.0,51.0,0.0,129.87,0.0,0.0,129.87,0.0,0.42857142857142855,0.2857142857142857,0.2857142857142857,227.5,8.1,180,57.0,0.0,False,False,208.0,25.6,6.14,191.1
OSJ14BB,Pro Swim Jig 1/4oz Black /Blue,2.16,3.47,5.99,False,72.0,12.0,84.0,4.0,33.0,126.0,0.0,23.96,0.0,5.99,23.96,5.99,0.14285714285714285,0.3626373626373626,0.3626373626373626,231.6,8.3,180,73.0,0.0,False,False,181.44,23.76,4.23,173.88
OGSH1240W,Golden Eye Swimmer Head 1/2oz (4/0) White - 2pk,1.82,3.47,5.99,False,42.0,14.0,56.0,0.0,21.0,80.0,0.0,0.0,0.0,0.0,0.0,0.0,0.0,0.23076923076923078,0.23076923076923078,242.7,8.7,180,46.0,0.0,False,False,101.92,18.2,4.23,134.96
OSJH14MGC,Pro Swim Jig Heavy 1/4oz Magic Craw,2.16,3.47,5.99,False,102.0,2.0,104.0,9.0,39.0,116.0,0.0,53.91,0.0,11.98,53.91,11.98,0.32142857142857145,0.42857142857142855,0.42857142857142855,242.7,8.7,180,86.0,0.0,False,False,224.64,38.88,4.23,215.28
OPC7GT,Poppin Craw 7 Grams Tan,4.17,5.99,9.99,False,132.0,9.0,141.0,4.0,51.0,81.0,0.0,39.96,0.0,29.97,39.96,29.97,0.14285714285714285,0.5604395604395604,0.5604395604395604,251.6,9.0,180,112.0,0.0,False,False,587.97,120.93,7.19,425.82
OPC11GT,Poppin Craw 11 Grams Tan,4.17,5.99,9.99,False,132.0,9.0,141.0,2.0,51.0,81.0,0.0,19.98,0.0,9.99,19.98,9.99,0.07142857142857142,0.5604395604395604,0.5604395604395604,251.6,9.0,180,112.0,0.0,False,False,587.97,120.93,7.19,425.82
OSJ38GS,Pro Swim Jig 3/8oz Ghost Shad,2.16,3.47,5.99,False,78.0,5.0,83.0,9.0,28.0,79.0,0.0,53.91,0.0,17.97,53.91,17.97,0.32142857142857145,0.3076923076923077,0.3076923076923077,269.8,9.6,180,62.0,0.0,False,False,179.28,45.36,4.23,171.81
OSNT1440GP,Shake N' Take 1/4oz (4/0) Green Pumpkin 3pk,2.0,3.89,6.49,False,48.0,6.0,54.0,6.0,18.0,48.0,0.0,38.94,0.0,19.47,38.94,19.47,0.21428571428571427,0.1978021978021978,0.1978021978021978,273.0,9.8,180,40.0,0.0,False,False,108.0,28.0,4.67,144.18
OPC7GLO,Poppin Craw 7 Grams Light Olive,4.17,5.99,9.99,False,132.0,8.0,140.0,3.0,46.0,76.0,0.0,29.97,0.0,19.98,29.97,19.98,0.10714285714285714,0.5054945054945055,0.5054945054945055,277.0,9.9,180,101.0,0.0,False,False,583.8,162.63,7.19,422.8
OPN18020GP,Perfect Ned Head 1/8oz (2/0) Green Pumpkin - 3pk.,2.14,4.05,6.99,False,162.0,12.0,174.0,13.0,57.0,147.0,48.6,5.99,0.0,0.0,54.59,0.0,0.4642857142857143,0.6263736263736264,0.6263736263736264,277.8,9.9,180,125.0,0.0,False,False,372.36,104.86,4.93,485.46
OSJH38WL,Pro Swim Jig Heavy 3/8oz White Lightning,2.16,3.47,5.99,False,204.0,7.0,211.0,12.0,69.0,105.0,20.82,35.94,0.0,5.99,56.76,5.99,0.42857142857142855,0.7582417582417582,0.7582417582417582,278.3,9.9,180,152.0,0.0,False,False,455.76,127.44,4.23,436.77
OSJ14MGC,Pro Swim Jig 1/4oz Magic Craw,2.16,3.47,5.99,False,108.0,7.0,115.0,23.0,37.0,101.0,62.46,29.95,0.0,17.97,92.41,17.97,0.8214285714285714,0.4065934065934066,0.4065934065934066,282.8,10.1,180,81.0,0.0,False,False,248.4,73.44,4.23,238.05
OJJ38MGC,Juice Jig 3/8oz Magic Craw,1.96,3.47,5.99,False,408.0,0.0,408.0,56.0,131.0,303.0,120.6,119.8,0.0,17.97,240.4,17.97,2.0,1.4395604395604396,1.4395604395604396,283.4,10.1,180,288.0,0.0,False,False,799.68,235.2,4.23,926.16
OPN18020BLK,Perfect Ned Head 1/8oz (2/0) Black - 3pk.,2.14,4.05,6.99,False,546.0,11.0,557.0,52.0,178.0,351.0,186.84,23.96,0.0,0.0,210.8,0.0,1.8571428571428572,1.956043956043956,1.956043956043956,284.8,10.2,180,391.0,0.0,False,False,1191.98,355.24,4.93,1554.03
OSJH38PR,Pro Swim Jig Heavy 3/8oz Perch,2.16,3.47,5.99,False,150.0,2.0,152.0,15.0,47.0,88.0,19.74,53.91,0.0,11.98,73.65,11.98,0.5357142857142857,0.5164835164835165,0.5164835164835165,294.3,10.5,180,103.0,0.0,False,False,328.32,105.84,4.23,314.64
OSJ38AS,Pro Swim Jig 3/8oz Alabama Shad,2.16,3.47,5.99,False,132.0,8.0,140.0,10.0,43.0,75.0,19.74,23.96,0.0,23.96,43.7,23.96,0.35714285714285715,0.4725274725274725,0.4725274725274725,296.3,10.6,180,95.0,0.0,False,False,302.4,97.2,4.23,289.8
OGSH31620GP,Golden Eye Swimmer Head 3/16oz (2/0) Green Pumpkin - 2pk,1.82,3.47,5.99,False,72.0,21.0,93.0,1.0,28.0,126.0,0.0,5.99,0.0,0.0,5.99,0.0,0.03571428571428571,0.3076923076923077,0.3076923076923077,302.2,10.8,180,62.0,0.0,False,False,169.26,56.42,4.23,224.13
OSJH14BB,Pro Swim Jig Heavy 1/4oz Black Blue,2.16,3.47,5.99,False,162.0,6.0,168.0,15.0,48.0,118.0,19.74,53.91,0.0,5.99,73.65,5.99,0.5357142857142857,0.5274725274725275,0.5274725274725275,318.5,11.4,180,105.0,0.0,False,False,362.88,136.08,4.23,347.76
OSJH14WR,Pro Swim Jig Heavy 1/4oz White Rainbow,2.16,3.47,5.99,False,102.0,9.0,111.0,4.0,31.0,66.0,0.0,23.96,0.0,11.98,23.96,11.98,0.14285714285714285,0.34065934065934067,0.34065934065934067,325.8,11.6,180,68.0,0.0,False,False,239.76,92.88,4.23,229.77
OFF116BKP,Fighter Fly 1/16oz Black/Purple - 2pk,2.36,5.97,10.29,False,102.0,11.0,113.0,7.0,31.0,31.0,33.96,10.29,0.0,0.0,44.25,0.0,0.25,0.34065934065934067,0.34065934065934067,331.7,11.8,180,68.0,0.0,False,False,266.68,106.2,7.27,554.83
OFF332BKP,Fighter Fly 3/32oz Black/Purple - 2pk,2.36,5.97,10.29,False,144.0,13.0,157.0,7.0,43.0,123.0,33.96,10.29,0.0,0.0,44.25,0.0,0.25,0.4725274725274725,0.4725274725274725,332.3,11.9,180,95.0,0.0,False,False,370.52,146.32,7.27,770.87
OPN11610BLK,Perfect Ned Head 1/16oz (1/0) Black - 3pk.,2.14,4.05,6.99,False,162.0,11.0,173.0,25.0,47.0,110.0,95.94,5.99,0.0,0.0,101.93,0.0,0.8928571428571429,0.5164835164835165,0.5164835164835165,335.0,12.0,180,103.0,0.0,False,False,370.22,149.8,4.93,482.67
OSJ38WR,Pro Swim Jig 3/8oz White/Rainbow,2.16,3.47,5.99,False,210.0,11.0,221.0,3.0,60.0,134.0,0.0,17.97,0.0,5.99,17.97,5.99,0.10714285714285714,0.6593406593406593,0.6593406593406593,335.2,12.0,180,132.0,0.0,False,False,477.36,192.24,4.23,457.47
OGSH1430W,Golden Eye Swimmer Head 1/4oz (3/0) White - 2pk,1.82,3.47,5.99,False,336.0,8.0,344.0,33.0,93.0,219.0,83.28,53.91,0.0,0.0,137.19,0.0,1.1785714285714286,1.021978021978022,1.021978021978022,336.6,12.0,180,204.0,0.0,False,False,626.08,254.8,4.23,829.04
OGSH3840UN,Golden Eye Swimmer Head 3/8oz (4/0) Unpainted - 2pk,1.82,3.47,5.99,False,396.0,10.0,406.0,18.0,108.0,324.0,61.38,0.0,0.0,0.0,61.38,0.0,0.6428571428571429,1.1868131868131868,1.1868131868131868,342.1,12.2,180,237.0,0.0,False,True,738.92,307.58,4.23,978.46
OSFJ12FC,Stealth Fighter Jig 1/2oz Fighter Craw,3.2,4.92,8.99,False,0.0,57.0,57.0,5.0,15.0,26.0,0.0,59.94,0.0,0.0,59.94,0.0,0.17857142857142858,0.16483516483516483,0.16483516483516483,345.8,12.4,180,33.0,0.0,False,True,182.4,76.8,6.14,167.58
OPC11GLO,Poppin Craw 11 Grams Light Olive,4.17,5.99,9.99,False,144.0,8.0,152.0,4.0,40.0,70.0,0.0,39.96,0.0,9.99,39.96,9.99,0.14285714285714285,0.43956043956043955,0.43956043956043955,345.8,12.4,180,88.0,0.0,False,True,633.84,266.88,7.19,459.04
OTI-OFNF332-SH-2,Float N Fly 3/32oz Shad 2pk,3.01,6.37,10.99,False,66.0,11.0,77.0,7.0,20.0,69.0,36.24,10.99,0.0,10.99,47.23,10.99,0.25,0.21978021978021978,0.21978021978021978,350.4,12.5,180,44.0,0.0,False,True,231.77,99.33,7.76,365.75
OMJ1830GP,Money Jig 1/8oz (3/0) Green Pumpkin - 4pk,2.36,4.05,6.99,False,234.0,9.0,243.0,6.0,62.0,114.0,24.3,0.0,0.0,0.0,24.3,0.0,0.21428571428571427,0.6813186813186813,0.6813186813186813,356.7,12.7,180,136.0,0.0,False,True,573.48,252.52,4.93,624.51
OGSH1840GP,Golden Eye Swimmer Head 1/8oz (4/0) Green Pumpkin - 2pk,1.82,3.47,5.99,False,66.0,14.0,80.0,12.0,20.0,52.0,40.56,0.0,0.0,0.0,40.56,0.0,0.42857142857142855,0.21978021978021978,0.21978021978021978,364.0,13.0,180,44.0,0.0,False,True,145.6,65.52,4.23,192.8
Skirt-SMGC-5pk,Swim Jig Skirt Magic Craw,1.8,3.47,5.99,True,24.0,0.0,24.0,0.0,6.0,24.0,0.0,0.0,0.0,0.0,0.0,0.0,0.0,0.06593406593406594,0.06593406593406594,364.0,13.0,180,13.0,0.0,False,True,43.2,19.8,4.23,58.32
OPN14020GP,Perfect Ned Head 1/4oz (2/0) Green Pumpkin - 3pk.,2.14,4.05,6.99,False,258.0,16.0,274.0,20.0,68.0,116.0,72.9,11.98,0.0,0.0,84.88,0.0,0.7142857142857143,0.7472527472527473,0.7472527472527473,366.7,13.1,180,149.0,0.0,False,True,586.36,267.5,4.93,764.46
OJPJ14RS,JackPot Jig 1/4oz Rainbow Shad,3.21,5.21,8.99,False,144.0,10.0,154.0,7.0,38.0,85.0,0.0,62.93,0.0,0.0,62.93,0.0,0.25,0.4175824175824176,0.4175824175824176,368.8,13.2,180,84.0,0.0,False,True,494.34,224.7,6.34,482.02
OSNT3850B,Shake N' Take 3/8oz (5/0) Black 2pk,2.0,3.89,6.49,False,42.0,11.0,53.0,0.0,13.0,49.0,0.0,0.0,0.0,0.0,0.0,0.0,0.0,0.14285714285714285,0.14285714285714285,371.0,13.2,180,29.0,0.0,False,True,106.0,48.0,4.67,141.51
OPN11620GP,Perfect Ned Head 1/16oz (2/0) Green Pumpkin - 3pk.,2.14,4.05,6.99,False,60.0,20.0,80.0,12.0,19.0,63.0,48.6,5.99,0.0,0.0,54.59,0.0,0.42857142857142855,0.2087912087912088,0.2087912087912088,383.2,13.7,180,42.0,0.0,False,True,171.2,81.32,4.93,223.2
OPN18010BLK,Perfect Ned Head 1/8oz (1/0) Black - 3pk.,2.14,4.05,6.99,False,438.0,10.0,448.0,23.0,106.0,277.0,72.9,29.95,0.0,5.99,102.85,5.99,0.8214285714285714,1.164835164835165,1.164835164835165,384.6,13.7,180,233.0,0.0,False,True,958.72,460.1,4.93,1249.92
OJPJ12RS,JackPot Jig 1/2oz Rainbow Shad,3.21,5.21,8.99,False,126.0,10.0,136.0,12.0,32.0,68.0,29.64,53.94,0.0,0.0,83.58,0.0,0.42857142857142855,0.3516483516483517,0.3516483516483517,386.7,13.8,180,70.0,0.0,False,True,436.56,211.86,6.34,425.68
OPN18010GP,Perfect Ned Head 1/8oz (1/0) Green Pumpkin - 3pk.,2.14,4.05,6.99,False,240.0,12.0,252.0,37.0,58.0,164.0,143.28,5.99,0.0,0.0,149.27,0.0,1.3214285714285714,0.6373626373626373,0.6373626373626373,395.4,14.1,180,127.0,0.0,False,True,539.28,267.5,4.93,703.08
OSJ14BG,Pro Swim Jig 1/4oz Bold Gill,2.16,3.47,5.99,False,72.0,11.0,83.0,10.0,19.0,84.0,20.82,23.96,0.0,0.0,44.78,0.0,0.35714285714285715,0.2087912087912088,0.2087912087912088,397.5,14.2,180,42.0,0.0,False,True,179.28,88.56,4.23,171.81
OPW18020GP,Perfect Ned Head WL 1/8oz (2/0) Green Pumpkin - 3pk.,2.4,4.05,7.49,False,60.0,7.0,67.0,2.0,15.0,61.0,0.0,14.98,0.0,7.49,14.98,7.49,0.07142857142857142,0.16483516483516483,0.16483516483516483,406.5,14.5,180,33.0,0.0,False,True,160.8,81.6,5.08,179.56
OSJ14PR,Pro Swim Jig 1/4oz Perch,2.16,3.47,5.99,False,108.0,12.0,120.0,11.0,26.0,108.0,20.82,29.95,0.0,11.98,50.77,11.98,0.39285714285714285,0.2857142857142857,0.2857142857142857,420.0,15.0,180,57.0,0.0,False,True,259.2,136.08,4.23,248.4
OGSH1430UN,Golden Eye Swimmer Head 1/4oz (3/0) Unpainted - 2pk,1.82,3.47,5.99,False,756.0,7.0,763.0,36.0,162.0,380.0,104.1,35.94,0.0,0.0,140.04,0.0,1.2857142857142858,1.7802197802197801,1.7802197802197801,428.6,15.3,180,356.0,0.0,False,True,1388.66,740.74,4.23,1838.83
OJJ38GA,Juice Jig 3/8oz Gator Craw,1.96,3.47,5.99,False,240.0,9.0,249.0,5.0,52.0,131.0,0.0,35.94,0.0,11.98,35.94,11.98,0.17857142857142858,0.5714285714285714,0.5714285714285714,435.8,15.6,180,114.0,0.0,False,True,488.04,264.6,4.23,565.23
OGSH1410UN,Golden Eye Swimmer Head 1/4oz (1/0) Unpainted - 2pk,1.82,3.47,5.99,False,114.0,10.0,124.0,6.0,25.0,95.0,19.74,0.0,0.0,0.0,19.74,0.0,0.21428571428571427,0.27472527472527475,0.27472527472527475,451.4,16.1,180,55.0,0.0,False,True,225.68,125.58,4.23,298.84
OCFJ12BSH,Cage Fighter Jig 1/2oz Black Sapphire,3.2,4.92,8.99,False,0.0,140.0,140.0,3.0,28.0,64.0,0.0,29.97,0.0,19.98,29.97,19.98,0.10714285714285714,0.3076923076923077,0.3076923076923077,455.0,16.2,180,62.0,0.0,False,True,448.0,249.6,6.14,411.6
Skirt-SPR-5pk,Swim Jig Skirt Perch,1.8,3.47,5.99,True,30.0,0.0,30.0,6.0,6.0,18.0,19.74,0.0,0.0,0.0,19.74,0.0,0.21428571428571427,0.06593406593406594,0.06593406593406594,455.0,16.2,180,13.0,0.0,False,True,54.0,30.6,4.23,72.9
OSFJ12DP,Stealth Fighter Jig 1/2oz Dith Pickle,3.2,4.67,8.99,False,0.0,80.0,80.0,4.0,16.0,22.0,0.0,59.94,0.0,0.0,59.94,0.0,0.14285714285714285,0.17582417582417584,0.17582417582417584,455.0,16.2,180,35.0,0.0,False,True,256.0,144.0,5.97,221.6
OSNT3850GP,Shake N' Take 3/8oz (5/0) Green Pumpkin 2pk,2.0,3.89,6.49,False,48.0,12.0,60.0,0.0,12.0,42.0,0.0,0.0,0.0,0.0,0.0,0.0,0.0,0.13186813186813187,0.13186813186813187,455.0,16.2,180,26.0,0.0,False,True,120.0,68.0,4.67,160.2
OJJ12MGC,Juice Jig 1/2oz Magic Craw,1.96,3.47,5.99,False,480.0,7.0,487.0,32.0,95.0,275.0,59.22,83.86,0.0,17.97,143.08,17.97,1.1428571428571428,1.043956043956044,1.043956043956044,466.5,16.7,180,209.0,0.0,False,True,954.52,544.88,4.23,1105.49
OSJ14SC,Pro Swim Jig 1/4oz Shell Cracker,2.16,3.47,5.99,False,108.0,11.0,119.0,2.0,22.0,64.0,0.0,11.98,0.0,5.99,11.98,5.99,0.07142857142857142,0.24175824175824176,0.24175824175824176,492.2,17.6,180,48.0,0.0,False,True,257.04,153.36,4.23,246.33
OGSH3850UN,Golden Eye Swimmer Head 3/8oz (5/0) Unpainted - 2pk,1.82,3.47,5.99,False,102.0,9.0,111.0,1.0,20.0,57.0,0.0,5.99,0.0,0.0,5.99,0.0,0.03571428571428571,0.21978021978021978,0.21978021978021978,505.1,18.0,180,44.0,0.0,False,True,202.02,121.94,4.23,267.51
OGSH3840W,Golden Eye Swimmer Head 3/8oz (4/0) White - 2pk,1.82,3.47,5.99,False,192.0,11.0,203.0,0.0,36.0,157.0,0.0,0.0,0.0,0.0,0.0,0.0,0.0,0.3956043956043956,0.3956043956043956,513.1,18.3,180,79.0,0.0,False,True,369.46,225.68,4.23,489.23
OSJ38DM,Pro Swim Jig 3/8oz Dirty Money,2.16,3.47,5.99,False,414.0,12.0,426.0,9.0,74.0,164.0,19.74,17.97,0.0,0.0,37.71,0.0,0.32142857142857145,0.8131868131868132,0.8131868131868132,523.9,18.7,180,163.0,0.0,False,True,920.16,568.08,4.23,881.82
OFF180DG,Fighter Fly Jig 1/8oz Damsel Green - 2pk,2.36,5.97,10.29,False,192.0,4.0,196.0,10.0,34.0,98.0,33.96,41.16,0.0,20.58,75.12,20.58,0.35714285714285715,0.37362637362637363,0.37362637362637363,524.6,18.7,180,75.0,0.0,False,True,462.56,285.56,7.27,962.36
OPN14020BK,Perfect Ned Head 1/4oz (2/0) Black - 3pk.,2.14,4.05,6.99,False,582.0,0.0,582.0,24.0,99.0,257.0,95.94,0.0,0.0,0.0,95.94,0.0,0.8571428571428571,1.0879120879120878,1.0879120879120878,535.0,19.1,180,218.0,0.0,False,True,1245.48,778.96,4.93,1623.78
OGSH3850W,Golden Eye Swimmer Head 3/8oz (5/0) White - 2pk,1.82,3.47,5.99,False,72.0,5.0,77.0,7.0,13.0,31.0,0.0,41.93,0.0,0.0,41.93,0.0,0.25,0.14285714285714285,0.14285714285714285,539.0,19.2,180,29.0,0.0,False,True,140.14,87.36,4.23,185.57
OSFJ34GPC,Stealth Fighter Jig 3/4oz Green Pumpkin Craw,3.2,4.67,8.99,False,0.0,49.0,49.0,0.0,8.0,11.0,0.0,0.0,0.0,0.0,0.0,0.0,0.0,0.08791208791208792,0.08791208791208792,557.4,19.9,180,18.0,0.0,False,True,156.8,99.2,5.97,135.73
OPN31610BLK,Perfect Ned Head 3/16oz (1/0) Black - 3pk.,2.14,4.05,6.99,False,504.0,11.0,515.0,23.0,83.0,220.0,71.64,29.95,0.0,0.0,101.59,0.0,0.8214285714285714,0.9120879120879121,0.9120879120879121,564.6,20.2,180,182.0,0.0,False,True,1102.1,712.62,4.93,1436.85
OFF180BN,Fighter Fly Jig 1/8oz Brown - 2pk,2.36,5.97,10.29,False,360.0,9.0,369.0,2.0,59.0,155.0,0.0,20.58,0.0,10.29,20.58,10.29,0.07142857142857142,0.6483516483516484,0.6483516483516484,569.1,20.3,180,130.0,0.0,False,True,870.84,564.04,7.27,1811.79
OPW31620GP,Perfect Ned Head WL 3/16oz (2/0) Green Pumpkin - 3pk.,2.4,4.05,7.49,False,294.0,9.0,303.0,13.0,45.0,105.0,46.08,7.49,0.0,0.0,53.57,0.0,0.4642857142857143,0.4945054945054945,0.4945054945054945,612.7,21.9,180,99.0,0.0,False,True,727.2,489.6,5.08,812.04
OGSH1440W,Golden Eye Swimmer Head 1/4oz (4/0) White - 2pk,1.82,3.47,5.99,False,60.0,8.0,68.0,10.0,10.0,75.0,19.74,23.96,0.0,0.0,43.7,0.0,0.35714285714285715,0.10989010989010989,0.10989010989010989,618.8,22.1,180,22.0,0.0,False,True,123.76,83.72,4.23,163.88
ONBJ14CRC,Ned Bug 1/4oz Raw Craw,4.91,7.53,12.99,False,162.0,13.0,175.0,8.0,25.0,63.0,0.0,103.92,0.0,0.0,103.92,0.0,0.2857142857142857,0.27472527472527475,0.27472527472527475,637.0,22.8,180,55.0,0.0,False,True,859.25,589.2,9.17,745.5
OGSH1440UN,Golden Eye Swimmer Head 1/4oz (4/0) Unpainted - 2pk,1.82,3.47,5.99,False,306.0,16.0,322.0,2.0,45.0,119.0,0.0,11.98,0.0,0.0,11.98,0.0,0.07142857142857142,0.4945054945054945,0.4945054945054945,651.2,23.3,180,99.0,0.0,False,True,586.04,405.86,4.23,776.02
OSJH14WL,Pro Swim Jig Heavy 1/4oz White Lightning,2.16,3.47,5.99,False,132.0,4.0,136.0,4.0,19.0,50.0,0.0,23.96,0.0,0.0,23.96,0.0,0.14285714285714285,0.2087912087912088,0.2087912087912088,651.4,23.3,180,42.0,0.0,False,True,293.76,203.04,4.23,281.52
OGSH31620UN,Golden Eye Swimmer Head 3/16oz (2/0) Unpainted - 2pk,1.82,3.47,5.99,False,186.0,9.0,195.0,19.0,27.0,133.0,59.22,5.99,0.0,0.0,65.21,0.0,0.6785714285714286,0.2967032967032967,0.2967032967032967,657.2,23.5,180,59.0,0.0,False,True,354.9,247.52,4.23,469.95
OFF116DG,Fighter Fly Jig 1/16oz Damsel Green - 2pk,2.36,5.97,10.29,False,132.0,15.0,147.0,0.0,20.0,57.0,0.0,0.0,0.0,0.0,0.0,0.0,0.0,0.21978021978021978,0.21978021978021978,668.9,23.9,180,44.0,0.0,False,True,346.92,243.08,7.27,721.77
OFF332BO,Fighter Fly 3/32oz Brown/Orange - 2pk,2.36,5.97,10.29,False,60.0,9.0,69.0,3.0,9.0,33.0,0.0,30.87,0.0,0.0,30.87,0.0,0.10714285714285714,0.0989010989010989,0.0989010989010989,697.7,24.9,180,20.0,0.0,False,True,162.84,115.64,7.27,338.79
OPW18010GP,Perfect Ned Head WL /8oz (1/0) Green Pumpkin - 3pk.,2.4,4.05,7.49,False,90.0,28.0,118.0,2.0,15.0,54.0,0.0,14.98,0.0,0.0,14.98,0.0,0.07142857142857142,0.16483516483516483,0.16483516483516483,715.9,25.6,180,33.0,0.0,False,True,283.2,204.0,5.08,316.24
OPW31610GP,Perfect Ned Head WL 3/16oz (1/0) Green Pumpkin - 3pk.,2.4,4.05,7.49,False,84.0,13.0,97.0,0.0,12.0,29.0,0.0,0.0,0.0,0.0,0.0,0.0,0.0,0.13186813186813187,0.13186813186813187,735.6,26.3,180,26.0,0.0,False,True,232.8,170.4,5.08,259.96
Skirt-JJGC-5pk,Jig Skirt Gator Craw,1.8,3.47,5.99,True,198.0,0.0,198.0,6.0,24.0,48.0,20.82,0.0,0.0,0.0,20.82,0.0,0.21428571428571427,0.26373626373626374,0.26373626373626374,750.8,26.8,180,53.0,0.0,False,True,356.4,261.0,4.23,481.14
OJJ12SF,Juice Jig 1/2oz Sunfish,1.96,3.47,5.99,False,480.0,3.0,483.0,19.0,57.0,170.0,0.0,119.8,0.0,11.98,119.8,11.98,0.6785714285714286,0.6263736263736264,0.6263736263736264,771.1,27.5,180,125.0,0.0,False,True,946.68,701.68,4.23,1096.41
OFF180BKP,Fighter Fly 1/8oz Black/Purple - 2pk,2.36,5.97,10.29,False,474.0,10.0,484.0,1.0,57.0,217.0,0.0,10.29,0.0,10.29,10.29,10.29,0.03571428571428571,0.6263736263736264,0.6263736263736264,772.7,27.6,180,125.0,0.0,False,True,1142.24,847.24,7.27,2376.44
OSJ38PR,Pro Swim Jig 3/8oz Perch,2.16,3.47,5.99,False,378.0,8.0,386.0,4.0,45.0,127.0,0.0,23.96,0.0,5.99,23.96,5.99,0.14285714285714285,0.4945054945054945,0.4945054945054945,780.6,27.9,180,99.0,0.0,False,True,833.76,619.92,4.23,799.02
OPN31610GP,Perfect Ned Head 3/16oz (1/0) Green Pumpkin - 3pk.,2.14,4.05,6.99,False,384.0,11.0,395.0,31.0,46.0,113.0,118.98,5.99,0.0,0.0,124.97,0.0,1.1071428571428572,0.5054945054945055,0.5054945054945055,781.4,27.9,180,101.0,0.0,False,True,845.3,629.16,4.93,1102.05
Skirt-JJBB-5pk,Jig Skirt Black Blue,1.8,3.47,5.99,True,426.0,0.0,426.0,30.0,48.0,78.0,100.86,0.0,0.0,0.0,100.86,0.0,1.0714285714285714,0.5274725274725275,0.5274725274725275,807.6,28.8,180,105.0,0.0,False,True,766.8,577.8,4.23,1035.18
OSJ38WL,Pro Swim Jig 3/8oz White Lightning,2.16,3.47,5.99,False,180.0,9.0,189.0,3.0,21.0,67.0,0.0,17.97,0.0,0.0,17.97,0.0,0.10714285714285714,0.23076923076923078,0.23076923076923078,819.0,29.2,180,46.0,0.0,False,True,408.24,308.88,4.23,391.23
OFF180BKCH,Fighter Fly 1/8oz Black/Chart - 2pk,2.36,5.97,10.29,False,288.0,6.0,294.0,17.0,32.0,108.0,67.92,51.45,0.0,10.29,119.37,10.29,0.6071428571428571,0.3516483516483517,0.3516483516483517,836.1,29.9,180,70.0,0.0,False,True,693.84,528.64,7.27,1443.54
OGSH3850GP,Golden Eye Swimmer Head 3/8oz (5/0) Green Pumpkin - 2pk,1.82,3.47,5.99,False,72.0,11.0,83.0,1.0,9.0,25.0,0.0,5.99,0.0,0.0,5.99,0.0,0.03571428571428571,0.0989010989010989,0.0989010989010989,839.2,30.0,180,20.0,0.0,False,True,151.06,114.66,4.23,200.03
OCJ58WC,Chicken Jig 5/8oz White/Chart.,7.54,10.43,17.99,False,894.0,6.0,900.0,21.0,94.0,168.0,118.68,107.94,0.0,35.98,226.62,35.98,0.75,1.032967032967033,1.032967032967033,871.3,31.1,180,207.0,0.0,False,True,6786.0,5225.22,12.7,4644.0
OFF180BK,Fighter Fly Jig 1/8oz Black - 2pk,2.36,5.97,10.29,False,2310.0,0.0,2310.0,122.0,241.0,577.0,620.58,226.38,0.0,30.87,846.96,30.87,4.357142857142857,2.6483516483516483,2.6483516483516483,872.2,31.2,180,530.0,0.0,False,True,5451.6,4200.8,7.27,11342.1
OFF116BK,Fighter Fly Jig 1/16oz Black - 2pk,2.36,5.97,10.29,False,360.0,10.0,370.0,5.0,38.0,116.0,0.0,51.45,0.0,0.0,51.45,0.0,0.17857142857142858,0.4175824175824176,0.4175824175824176,886.1,31.6,180,84.0,0.0,False,True,873.2,674.96,7.27,1816.7
OFF332BK,Fighter Fly Jig 3/32oz Black - 2pk,2.36,5.97,10.29,False,1302.0,4.0,1306.0,67.0,130.0,306.0,311.22,133.77,0.0,30.87,444.99,30.87,2.392857142857143,1.4285714285714286,1.4285714285714286,914.2,32.6,180,286.0,0.0,False,True,3082.16,2407.2,7.27,6412.46
OPW33210GP,Perfect Ned Head WL 3/32oz (1/0) Green Pumpkin - 3pk.,2.4,4.05,7.49,False,174.0,14.0,188.0,0.0,18.0,39.0,0.0,0.0,0.0,0.0,0.0,0.0,0.0,0.1978021978021978,0.1978021978021978,950.4,33.9,180,40.0,0.0,False,True,451.2,355.2,5.08,503.84
OCFJ12MC,Cage Fighter Jig 1/2oz Money Craw,3.2,4.92,8.99,False,0.0,564.0,564.0,15.0,53.0,88.0,0.0,149.85,0.0,109.89,149.85,109.89,0.5357142857142857,0.5824175824175825,0.5824175824175825,968.4,34.6,180,116.0,0.0,False,True,1804.8,1433.6,6.14,1658.16
OGSH1410GP,Golden Eye Swimmer Head 1/4oz (1/0) Green Pumpkin - 2pk,1.82,3.47,5.99,False,204.0,10.0,214.0,5.0,20.0,68.0,0.0,29.95,0.0,0.0,29.95,0.0,0.17857142857142858,0.21978021978021978,0.21978021978021978,973.7,34.8,180,44.0,0.0,False,True,389.48,309.4,4.23,515.74
OCJ58GS,Chicken Jig 5/8oz Guntersville Shad,7.54,10.43,17.99,False,390.0,9.0,399.0,3.0,37.0,54.0,0.0,35.98,0.0,17.99,35.98,17.99,0.10714285714285714,0.4065934065934066,0.4065934065934066,981.3,35.0,180,81.0,0.0,False,True,3008.46,2397.72,12.7,2058.84
OCFJ38BM,Cage Fighter Jig 3/8oz Bream,3.2,4.92,8.99,False,0.0,0.0,0.0,0.0,0.0,20.0,0.0,0.0,0.0,0.0,0.0,0.0,0.0,0.0,0.0,999.0,35.7,180,0.0,0.0,False,True,0.0,0.0,6.14,0.0
OCFJ38BSH,Cage Fighter Jig 3/8oz Black Sapphire,3.2,4.92,8.99,False,0.0,0.0,0.0,0.0,0.0,0.0,0.0,0.0,0.0,0.0,0.0,0.0,0.0,0.0,0.0,999.0,35.7,180,0.0,0.0,False,True,0.0,0.0,6.14,0.0
OCFJ38MC,Cage Fighter Jig 3/8oz Money Craw,3.2,4.92,8.99,False,0.0,0.0,0.0,0.0,0.0,0.0,0.0,0.0,0.0,0.0,0.0,0.0,0.0,0.0,0.0,999.0,35.7,180,0.0,0.0,False,True,0.0,0.0,6.14,0.0
OCFJ12BM,Cage Fighter Jig 1/2oz Bream,3.2,4.92,8.99,False,0.0,0.0,0.0,0.0,0.0,0.0,0.0,0.0,0.0,0.0,0.0,0.0,0.0,0.0,0.0,999.0,35.7,180,0.0,0.0,False,True,0.0,0.0,6.14,0.0
OCFJ12MP,Cage Fighter Jig 1/2oz Mud Puppy,3.2,4.92,8.99,False,0.0,0.0,0.0,0.0,0.0,0.0,0.0,0.0,0.0,0.0,0.0,0.0,0.0,0.0,0.0,999.0,35.7,180,0.0,0.0,False,True,0.0,0.0,6.14,0.0
OCFJ58BBA,Cage Fighter Jig 5/8oz Blk/Brown Amber,3.2,4.92,8.99,False,0.0,0.0,0.0,0.0,0.0,12.0,0.0,0.0,0.0,0.0,0.0,0.0,0.0,0.0,0.0,999.0,35.7,180,0.0,0.0,False,True,0.0,0.0,6.14,0.0
OCFJ58CH,Cage Fighter Jig 5/8oz Chocolate,3.2,4.92,8.99,False,0.0,14.0,14.0,0.0,0.0,16.0,0.0,0.0,0.0,0.0,0.0,0.0,0.0,0.0,0.0,999.0,35.7,180,0.0,0.0,False,True,44.8,44.8,6.14,41.16
OCFJ58MC,Cage Fighter Jig 5/8oz Money Craw,3.2,4.92,8.99,False,0.0,0.0,0.0,0.0,0.0,24.0,0.0,0.0,0.0,0.0,0.0,0.0,0.0,0.0,0.0,999.0,35.7,180,0.0,0.0,False,True,0.0,0.0,6.14,0.0
OGSH1810W,Golden Eye Swimmer Head 1/8oz (1/0) White - 2pk,1.82,3.47,5.99,False,0.0,0.0,0.0,0.0,0.0,0.0,0.0,0.0,0.0,0.0,0.0,0.0,0.0,0.0,0.0,999.0,35.7,180,0.0,0.0,False,True,0.0,0.0,4.23,0.0
OGSH31620W,Golden Eye Swimmer Head 3/16oz (2/0) White - 2pk,1.82,3.47,5.99,False,0.0,0.0,0.0,0.0,0.0,12.0,0.0,0.0,0.0,0.0,0.0,0.0,0.0,0.0,0.0,999.0,35.7,180,0.0,0.0,False,True,0.0,0.0,4.23,0.0
OGSH3810UN,Golden Eye Swimmer Head 3/8oz (1/0) Unpainted - 2pk,1.82,3.47,5.99,False,54.0,21.0,75.0,0.0,0.0,34.0,0.0,0.0,0.0,0.0,0.0,0.0,0.0,0.0,0.0,999.0,35.7,180,0.0,0.0,False,True,136.5,136.5,4.23,180.75
OPN11620BLK,Perfect Ned Head 1/16oz (2/0) Black - 3pk.,2.14,4.05,6.99,False,0.0,0.0,0.0,0.0,0.0,0.0,0.0,0.0,0.0,0.0,0.0,0.0,0.0,0.0,0.0,999.0,35.7,180,0.0,0.0,False,True,0.0,0.0,4.93,0.0
OSJH14DM,Pro Swim Jig Heavy 1/4oz Dirty Money,2.16,3.47,5.99,False,0.0,0.0,0.0,0.0,0.0,0.0,0.0,0.0,0.0,0.0,0.0,0.0,0.0,0.0,0.0,999.0,35.7,180,0.0,0.0,False,True,0.0,0.0,4.23,0.0
OSFJ38BSH,Stealth Fighter Jig 3/8oz Black Sapphire,3.2,4.92,8.99,False,0.0,0.0,0.0,0.0,0.0,24.0,0.0,0.0,0.0,0.0,0.0,0.0,0.0,0.0,0.0,999.0,35.7,180,0.0,0.0,False,True,0.0,0.0,6.14,0.0
OSFJ38BT,Stealth Fighter Jig 3/8oz Black Light,3.2,4.92,8.99,False,0.0,0.0,0.0,0.0,0.0,0.0,0.0,0.0,0.0,0.0,0.0,0.0,0.0,0.0,0.0,999.0,35.7,180,0.0,0.0,False,True,0.0,0.0,6.14,0.0
OSFJ38MC,Stealth Fighter Jig 3/8oz Money Craw,3.2,4.92,8.99,False,0.0,0.0,0.0,0.0,0.0,30.0,0.0,0.0,0.0,0.0,0.0,0.0,0.0,0.0,0.0,999.0,35.7,180,0.0,0.0,False,True,0.0,0.0,6.14,0.0
OSFJ12BSH,Stealth Fighter Jig 1/2oz Black Sapphire,3.2,4.92,8.99,False,0.0,0.0,0.0,0.0,0.0,30.0,0.0,0.0,0.0,0.0,0.0,0.0,0.0,0.0,0.0,999.0,35.7,180,0.0,0.0,False,True,0.0,0.0,6.14,0.0
OSFJ12BT,Stealth Fighter Jig 1/2oz  Black Light,3.2,4.92,8.99,False,0.0,0.0,0.0,0.0,0.0,0.0,0.0,0.0,0.0,0.0,0.0,0.0,0.0,0.0,0.0,999.0,35.7,180,0.0,0.0,False,True,0.0,0.0,6.14,0.0
OSFJ58BSH,Stealth Fighter Jig 5/8oz Black Sapphire,3.2,4.92,8.99,False,0.0,0.0,0.0,0.0,0.0,20.0,0.0,0.0,0.0,0.0,0.0,0.0,0.0,0.0,0.0,999.0,35.7,180,0.0,0.0,False,True,0.0,0.0,6.14,0.0
OSFJ58BT,Stealth Fighter Jig 5/8oz  Black Light,3.2,4.92,8.99,False,0.0,0.0,0.0,0.0,0.0,12.0,0.0,0.0,0.0,0.0,0.0,0.0,0.0,0.0,0.0,999.0,35.7,180,0.0,0.0,False,True,0.0,0.0,6.14,0.0
OSFJ34BBA,Stealth Fighter Jig 3/4oz Blk/Brown Amber,3.2,4.92,8.99,False,0.0,67.0,67.0,0.0,0.0,10.0,0.0,0.0,0.0,0.0,0.0,0.0,0.0,0.0,0.0,999.0,35.7,180,0.0,0.0,False,True,214.4,214.4,6.14,196.98
OSFJ34BSH,Stealth Fighter Jig 3/4oz Black Sapphire,3.2,4.92,8.99,False,0.0,0.0,0.0,0.0,0.0,0.0,0.0,0.0,0.0,0.0,0.0,0.0,0.0,0.0,0.0,999.0,35.7,180,0.0,0.0,False,True,0.0,0.0,6.14,0.0
OSFJ34BT,Stealth Fighter Jig 3/4oz Black Light,3.2,4.92,8.99,False,0.0,0.0,0.0,0.0,0.0,0.0,0.0,0.0,0.0,0.0,0.0,0.0,0.0,0.0,0.0,999.0,35.7,180,0.0,0.0,False,True,0.0,0.0,6.14,0.0
OSFJ34MC,Stealth Fighter Jig 3/4oz Money Craw,3.2,4.92,8.99,False,0.0,0.0,0.0,0.0,0.0,0.0,0.0,0.0,0.0,0.0,0.0,0.0,0.0,0.0,0.0,999.0,35.7,180,0.0,0.0,False,True,0.0,0.0,6.14,0.0
Skirt-TBS-5pk,Frogs Hair Skirt Black Saphire,1.8,3.47,5.99,True,0.0,0.0,0.0,0.0,0.0,0.0,0.0,0.0,0.0,0.0,0.0,0.0,0.0,0.0,0.0,999.0,35.7,180,0.0,0.0,False,True,0.0,0.0,4.23,0.0
Skirt-SBB-5pk,Swim Jig Skirt Black Blue,1.8,3.47,5.99,True,36.0,0.0,36.0,0.0,0.0,24.0,0.0,0.0,0.0,0.0,0.0,0.0,0.0,0.0,0.0,999.0,35.7,180,0.0,0.0,False,True,64.8,64.8,4.23,87.48
Skirt-SGS-5pk,Swim Jig Skirt Ghost Shad,1.8,3.47,5.99,True,0.0,0.0,0.0,0.0,0.0,24.0,0.0,0.0,0.0,0.0,0.0,0.0,0.0,0.0,0.0,999.0,35.7,180,0.0,0.0,False,True,0.0,0.0,4.23,0.0
Skirt-SSC-5pk,Swim Jig Skirt Shell Cracker,1.8,3.47,5.99,True,54.0,0.0,54.0,0.0,0.0,12.0,0.0,0.0,0.0,0.0,0.0,0.0,0.0,0.0,0.0,999.0,35.7,180,0.0,0.0,False,True,97.2,97.2,4.23,131.22
Skirt-SWL-5pk,Swim Jig Skirt White Lightning,1.8,3.47,5.99,True,0.0,0.0,0.0,0.0,0.0,30.0,0.0,0.0,0.0,0.0,0.0,0.0,0.0,0.0,0.0,999.0,35.7,180,0.0,0.0,False,True,0.0,0.0,4.23,0.0
SRC1-5-BB,Slix (S2) Casting 5ft Black/Blue (Rod length up to 7ft),2.59,5.99,9.99,False,0.0,0.0,0.0,0.0,0.0,52.0,0.0,0.0,0.0,0.0,0.0,0.0,0.0,0.0,0.0,999.0,35.7,180,0.0,0.0,False,True,0.0,0.0,7.19,0.0
SRC1-5-BO,Slix (S2) Casting 5ft Black/Orange (Rod length up to 7ft),2.59,5.99,9.99,False,0.0,0.0,0.0,0.0,0.0,25.0,0.0,0.0,0.0,0.0,0.0,0.0,0.0,0.0,0.0,999.0,35.7,180,0.0,0.0,False,True,0.0,0.0,7.19,0.0
SRC1-55-BB,Slix (S2) Casting 5.5ft Black/Bluee (Rod length up to 7.5ft),2.59,5.99,9.99,False,0.0,0.0,0.0,0.0,0.0,218.0,0.0,0.0,0.0,0.0,0.0,0.0,0.0,0.0,0.0,999.0,35.7,180,0.0,0.0,False,True,0.0,0.0,7.19,0.0
SRC1-55-BO,Slix (S2) Casting 5.5ft Black/Orange (Rod length up to 7.5ft),2.59,5.99,9.99,False,0.0,0.0,0.0,0.0,0.0,129.0,0.0,0.0,0.0,0.0,0.0,0.0,0.0,0.0,0.0,999.0,35.7,180,0.0,0.0,False,True,0.0,0.0,7.19,0.0
SRC112-5-BB,Slix (S2) Spinning 5ft Black/Blue (Rod length up to 7ft),2.59,5.99,9.99,False,0.0,0.0,0.0,0.0,0.0,6.0,0.0,0.0,0.0,0.0,0.0,0.0,0.0,0.0,0.0,999.0,35.7,180,0.0,0.0,False,True,0.0,0.0,7.19,0.0
SRC112-5-BO,Slix (S2) Spinning 5ft Black Orange (Rod length up to 7ft),2.59,5.99,9.99,False,0.0,0.0,0.0,0.0,0.0,181.0,0.0,0.0,0.0,0.0,0.0,0.0,0.0,0.0,0.0,999.0,35.7,180,0.0,0.0,False,True,0.0,0.0,7.19,0.0
SRC112-6-BB,Slix (S2) Spinning 6ft Black/Blue (Rod length up to 8ft),2.59,5.99,9.99,False,0.0,0.0,0.0,0.0,0.0,277.0,0.0,0.0,0.0,0.0,0.0,0.0,0.0,0.0,0.0,999.0,35.7,180,0.0,0.0,False,True,0.0,0.0,7.19,0.0
SRC112-6-BO,Slix (S2) Spinning 6ft Black Orange (Rod length up to 8ft),2.59,5.99,9.99,False,0.0,0.0,0.0,0.0,0.0,187.0,0.0,0.0,0.0,0.0,0.0,0.0,0.0,0.0,0.0,999.0,35.7,180,0.0,0.0,False,True,0.0,0.0,7.19,0.0
OCFJ38DP,Cage Fighter Jig 3/8oz Ditch Pickle,3.2,4.67,8.99,False,0.0,0.0,0.0,0.0,0.0,0.0,0.0,0.0,0.0,0.0,0.0,0.0,0.0,0.0,0.0,999.0,35.7,180,0.0,0.0,False,True,0.0,0.0,5.97,0.0
OCFJ38T,Cage Fighter Jig 3/8oz Tilapia,3.2,4.67,8.99,False,0.0,0.0,0.0,0.0,0.0,0.0,0.0,0.0,0.0,0.0,0.0,0.0,0.0,0.0,0.0,999.0,35.7,180,0.0,0.0,False,True,0.0,0.0,5.97,0.0
OCFJ38GPC,Cage Fighter Jig 3/8oz Green Pumpkin Craw,3.2,4.67,8.99,False,0.0,0.0,0.0,0.0,0.0,0.0,0.0,0.0,0.0,0.0,0.0,0.0,0.0,0.0,0.0,999.0,35.7,180,0.0,0.0,False,True,0.0,0.0,5.97,0.0
OCFJ12DP,Cage Fighter Jig 1/2oz Ditch Pickle,3.2,4.92,8.99,False,0.0,0.0,0.0,0.0,0.0,0.0,0.0,0.0,0.0,0.0,0.0,0.0,0.0,0.0,0.0,999.0,35.7,180,0.0,0.0,False,True,0.0,0.0,6.14,0.0
OCFJ12T,Cage Fighter Jig 1/2oz Tilapia,3.2,4.92,8.99,False,0.0,0.0,0.0,0.0,0.0,12.0,0.0,0.0,0.0,0.0,0.0,0.0,0.0,0.0,0.0,999.0,35.7,180,0.0,0.0,False,True,0.0,0.0,6.14,0.0
OCFJ12GPC,Cage Fighter Jig 1/2oz Green Pumpkin Craw,3.2,4.92,8.99,False,0.0,0.0,0.0,0.0,0.0,0.0,0.0,0.0,0.0,0.0,0.0,0.0,0.0,0.0,0.0,999.0,35.7,180,0.0,0.0,False,True,0.0,0.0,6.14,0.0
OCFJ58DP,Cage Fighter Jig 5/8oz Ditch Pickle,3.2,4.67,8.99,False,0.0,0.0,0.0,0.0,0.0,0.0,0.0,0.0,0.0,0.0,0.0,0.0,0.0,0.0,0.0,999.0,35.7,180,0.0,0.0,False,True,0.0,0.0,5.97,0.0
OCFJ58T,Cage Fighter Jig 5/8oz Tilapia,7.54,4.67,8.99,False,0.0,0.0,0.0,0.0,0.0,0.0,0.0,0.0,0.0,0.0,0.0,0.0,0.0,0.0,0.0,999.0,35.7,180,0.0,0.0,False,True,0.0,0.0,5.97,-0.0
OCFJ58GPC,Cage Fighter Jig 5/8oz Green Pumpkin Craw,3.2,4.67,8.99,False,0.0,0.0,0.0,0.0,0.0,0.0,0.0,0.0,0.0,0.0,0.0,0.0,0.0,0.0,0.0,999.0,35.7,180,0.0,0.0,False,True,0.0,0.0,5.97,0.0
OSFJ58DP,Stealth Fighter Jig 5/8oz Dith Pickle,3.2,4.67,8.99,False,0.0,0.0,0.0,0.0,0.0,0.0,0.0,0.0,0.0,0.0,0.0,0.0,0.0,0.0,0.0,999.0,35.7,180,0.0,0.0,False,True,0.0,0.0,5.97,0.0
OSFJ58T,Stealth Fighter Jig 5/8oz Tilapia,3.2,4.67,8.99,False,0.0,0.0,0.0,0.0,0.0,0.0,0.0,0.0,0.0,0.0,0.0,0.0,0.0,0.0,0.0,999.0,35.7,180,0.0,0.0,False,True,0.0,0.0,5.97,0.0
OSFJ58GPC,Stealth Fighter Jig 5/8oz Green Pumpkin Craw,3.2,4.92,8.99,False,0.0,0.0,0.0,0.0,0.0,0.0,0.0,0.0,0.0,0.0,0.0,0.0,0.0,0.0,0.0,999.0,35.7,180,0.0,0.0,False,True,0.0,0.0,6.14,0.0
OSFJ34DP,Stealth Fighter Jig 3/4oz Dith Pickle,3.2,4.92,8.99,False,0.0,0.0,0.0,0.0,0.0,0.0,0.0,0.0,0.0,0.0,0.0,0.0,0.0,0.0,0.0,999.0,35.7,180,0.0,0.0,False,True,0.0,0.0,6.14,0.0
OSFJ34T,Stealth Fighter Jig 3/4oz Tilapia,3.2,4.92,8.99,False,0.0,0.0,0.0,0.0,0.0,0.0,0.0,0.0,0.0,0.0,0.0,0.0,0.0,0.0,0.0,999.0,35.7,180,0.0,0.0,False,True,0.0,0.0,6.14,0.0
OFJB38,Frog Jig Bullfrog 3/8 oz,3.21,5.39,8.99,False,0.0,0.0,0.0,0.0,0.0,0.0,0.0,0.0,0.0,0.0,0.0,0.0,0.0,0.0,0.0,999.0,35.7,180,0.0,0.0,False,True,0.0,0.0,6.47,0.0
OFJB12,Frog Jig Bullfrog 1/2 oz,3.21,5.39,8.99,False,0.0,0.0,0.0,0.0,0.0,0.0,0.0,0.0,0.0,0.0,0.0,0.0,0.0,0.0,0.0,999.0,35.7,180,0.0,0.0,False,True,0.0,0.0,6.47,0.0
OFJL38,Frog Jig Leopard 3/8 oz,3.21,5.39,8.99,False,0.0,0.0,0.0,0.0,0.0,0.0,0.0,0.0,0.0,0.0,0.0,0.0,0.0,0.0,0.0,999.0,35.7,180,0.0,0.0,False,True,0.0,0.0,6.47,0.0
OFJL12,Frog Jig Leopard 1/2 oz,3.21,5.39,8.99,False,0.0,0.0,0.0,0.0,0.0,0.0,0.0,0.0,0.0,0.0,0.0,0.0,0.0,0.0,0.0,999.0,35.7,180,0.0,0.0,False,True,0.0,0.0,6.47,0.0
OFJP38,Frog Jig Pickerel 3/8 oz,3.21,5.39,8.99,False,0.0,0.0,0.0,0.0,0.0,0.0,0.0,0.0,0.0,0.0,0.0,0.0,0.0,0.0,0.0,999.0,35.7,180,0.0,0.0,False,True,0.0,0.0,6.47,0.0
OFJP12,Frog Jig Pickerel 1/2 oz,3.21,5.39,8.99,False,0.0,0.0,0.0,0.0,0.0,0.0,0.0,0.0,0.0,0.0,0.0,0.0,0.0,0.0,0.0,999.0,35.7,180,0.0,0.0,False,True,0.0,0.0,6.47,0.0
OFJC38,Frog Jig Chorus 3/8 oz,3.21,5.39,8.99,False,0.0,0.0,0.0,0.0,0.0,0.0,0.0,0.0,0.0,0.0,0.0,0.0,0.0,0.0,0.0,999.0,35.7,180,0.0,0.0,False,True,0.0,0.0,6.47,0.0
OFJC12,Frog Jig Chorus 1/2 oz,3.21,5.39,8.99,False,0.0,0.0,0.0,0.0,0.0,0.0,0.0,0.0,0.0,0.0,0.0,0.0,0.0,0.0,0.0,999.0,35.7,180,0.0,0.0,False,True,0.0,0.0,6.47,0.0
OCS38BG,Chicken Spinner 3/8oz Bluegill,9.5,14.99,24.99,False,0.0,0.0,0.0,0.0,0.0,0.0,0.0,0.0,0.0,0.0,0.0,0.0,0.0,0.0,0.0,999.0,35.7,180,0.0,0.0,False,True,0.0,0.0,17.99,0.0
OCS38WC,Chicken Spinner 3/8oz White Chartruese,9.5,14.99,24.99,False,0.0,0.0,0.0,0.0,0.0,0.0,0.0,0.0,0.0,0.0,0.0,0.0,0.0,0.0,0.0,999.0,35.7,180,0.0,0.0,False,True,0.0,0.0,17.99,0.0
OCS14BG,Chicken Spinner 1/4oz Bluegill,9.5,14.99,24.99,False,0.0,0.0,0.0,0.0,0.0,0.0,0.0,0.0,0.0,0.0,0.0,0.0,0.0,0.0,0.0,999.0,35.7,180,0.0,0.0,False,True,0.0,0.0,17.99,0.0
OCS14WC,Chicken Spinner 1/4oz White Chartruese,9.5,14.99,24.99,False,0.0,0.0,0.0,0.0,0.0,0.0,0.0,0.0,0.0,0.0,0.0,0.0,0.0,0.0,0.0,999.0,35.7,180,0.0,0.0,False,True,0.0,0.0,17.99,0.0
OCCJ58A,Check Collector Jig 5/8 oz Albino,3.0,5.39,8.99,False,0.0,0.0,0.0,0.0,0.0,0.0,0.0,0.0,0.0,0.0,0.0,0.0,0.0,0.0,0.0,999.0,35.7,180,0.0,0.0,False,True,0.0,0.0,6.47,0.0
OCCJ58BB,Check Collector Jig 5/8 oz Black & Blue,3.0,5.39,8.99,False,0.0,0.0,0.0,0.0,0.0,0.0,0.0,0.0,0.0,0.0,0.0,0.0,0.0,0.0,0.0,999.0,35.7,180,0.0,0.0,False,True,0.0,0.0,6.47,0.0
OCCJ58PBJ,Check Collector Jig 5/8 oz PB&J,3.0,5.39,8.99,False,0.0,0.0,0.0,0.0,0.0,0.0,0.0,0.0,0.0,0.0,0.0,0.0,0.0,0.0,0.0,999.0,35.7,180,0.0,0.0,False,True,0.0,0.0,6.47,0.0
OCCJ58GOLD,Check Collector Jig 5/8 oz Gold Standard,3.0,5.39,8.99,False,0.0,0.0,0.0,0.0,0.0,0.0,0.0,0.0,0.0,0.0,0.0,0.0,0.0,0.0,0.0,999.0,35.7,180,0.0,0.0,False,True,0.0,0.0,6.47,0.0
OCCJ34A,Check Collector Jig 3/4 oz Albino,3.0,5.39,8.99,False,0.0,0.0,0.0,0.0,0.0,0.0,0.0,0.0,0.0,0.0,0.0,0.0,0.0,0.0,0.0,999.0,35.7,180,0.0,0.0,False,True,0.0,0.0,6.47,0.0
OCCJ34BB,Check Collector Jig 3/4 oz Black & Blue,3.0,5.39,8.99,False,0.0,0.0,0.0,0.0,0.0,0.0,0.0,0.0,0.0,0.0,0.0,0.0,0.0,0.0,0.0,999.0,35.7,180,0.0,0.0,False,True,0.0,0.0,6.47,0.0
OCCJ34PBJ,Check Collector Jig 3/4 oz PB&J,3.0,5.39,8.99,False,0.0,0.0,0.0,0.0,0.0,0.0,0.0,0.0,0.0,0.0,0.0,0.0,0.0,0.0,0.0,999.0,35.7,180,0.0,0.0,False,True,0.0,0.0,6.47,0.0
OCCJ34GOLD,Check Collector Jig 3/4 oz Gold Standard,3.0,5.39,8.99,False,0.0,0.0,0.0,0.0,0.0,0.0,0.0,0.0,0.0,0.0,0.0,0.0,0.0,0.0,0.0,999.0,35.7,180,0.0,0.0,False,True,0.0,0.0,6.47,0.0
OBSJ14BB,Business Skipping Jig 1/4 oz Black Blue,2.5,4.79,7.99,False,0.0,0.0,0.0,0.0,0.0,0.0,0.0,0.0,0.0,0.0,0.0,0.0,0.0,0.0,0.0,999.0,35.7,180,0.0,0.0,False,True,0.0,0.0,5.75,0.0
OBSJ14BG,Business Skipping Jig 1/4 oz Bluegill,2.5,4.79,7.99,False,0.0,0.0,0.0,0.0,0.0,0.0,0.0,0.0,0.0,0.0,0.0,0.0,0.0,0.0,0.0,999.0,35.7,180,0.0,0.0,False,True,0.0,0.0,5.75,0.0
OBSJ14GP,Business Skipping Jig 1/4 oz Green Pumpkin,2.5,4.79,7.99,False,0.0,0.0,0.0,0.0,0.0,0.0,0.0,0.0,0.0,0.0,0.0,0.0,0.0,0.0,0.0,999.0,35.7,180,0.0,0.0,False,True,0.0,0.0,5.75,0.0
OBSJ14GPC,Business Skipping Jig 1/4 oz Green Pumpkin Craw,2.5,4.79,7.99,False,0.0,0.0,0.0,0.0,0.0,0.0,0.0,0.0,0.0,0.0,0.0,0.0,0.0,0.0,0.0,999.0,35.7,180,0.0,0.0,False,True,0.0,0.0,5.75,0.0
OBSJ14PPJ,Business Skipping Jig 1/4 oz PP&J,2.5,4.79,7.99,False,0.0,0.0,0.0,0.0,0.0,0.0,0.0,0.0,0.0,0.0,0.0,0.0,0.0,0.0,0.0,999.0,35.7,180,0.0,0.0,False,True,0.0,0.0,5.75,0.0
OBSJ38BB,Business Skipping Jig 3/8 oz Black Blue,2.5,4.79,7.99,False,0.0,0.0,0.0,0.0,0.0,0.0,0.0,0.0,0.0,0.0,0.0,0.0,0.0,0.0,0.0,999.0,35.7,180,0.0,0.0,False,True,0.0,0.0,5.75,0.0
OBSJ38BG,Business Skipping Jig 3/8 oz Bluegill,2.5,4.79,7.99,False,0.0,0.0,0.0,0.0,0.0,0.0,0.0,0.0,0.0,0.0,0.0,0.0,0.0,0.0,0.0,999.0,35.7,180,0.0,0.0,False,True,0.0,0.0,5.75,0.0
OBSJ38GP,Business Skipping Jig 3/8 oz Green Pumpkin,2.5,4.79,7.99,False,0.0,0.0,0.0,0.0,0.0,0.0,0.0,0.0,0.0,0.0,0.0,0.0,0.0,0.0,0.0,999.0,35.7,180,0.0,0.0,False,True,0.0,0.0,5.75,0.0
OBSJ38GPC,Business Skipping Jig 3/8 oz Green Pumpkin Craw,2.5,4.79,7.99,False,0.0,0.0,0.0,0.0,0.0,0.0,0.0,0.0,0.0,0.0,0.0,0.0,0.0,0.0,0.0,999.0,35.7,180,0.0,0.0,False,True,0.0,0.0,5.75,0.0
OBSJ38PPJ,Business Skipping Jig 3/8 oz PP&J,2.5,4.79,7.99,False,0.0,0.0,0.0,0.0,0.0,0.0,0.0,0.0,0.0,0.0,0.0,0.0,0.0,0.0,0.0,999.0,35.7,180,0.0,0.0,False,True,0.0,0.0,5.75,0.0
OBSJ12BB,Business Skipping Jig 1/2 oz Black Blue,2.5,4.79,7.99,False,0.0,0.0,0.0,0.0,0.0,0.0,0.0,0.0,0.0,0.0,0.0,0.0,0.0,0.0,0.0,999.0,35.7,180,0.0,0.0,False,True,0.0,0.0,5.75,0.0
OBSJ12BG,Business Skipping Jig 1/2 oz Bluegill,2.5,4.79,7.99,False,0.0,0.0,0.0,0.0,0.0,0.0,0.0,0.0,0.0,0.0,0.0,0.0,0.0,0.0,0.0,999.0,35.7,180,0.0,0.0,False,True,0.0,0.0,5.75,0.0
OBSJ12GP,Business Skipping Jig 1/2 oz Green Pumpkin,2.5,4.79,7.99,False,0.0,0.0,0.0,0.0,0.0,0.0,0.0,0.0,0.0,0.0,0.0,0.0,0.0,0.0,0.0,999.0,35.7,180,0.0,0.0,False,True,0.0,0.0,5.75,0.0
OBSJ12GPC,Business Skipping Jig 1/2 oz Green Pumpkin Craw,2.5,4.79,7.99,False,0.0,0.0,0.0,0.0,0.0,0.0,0.0,0.0,0.0,0.0,0.0,0.0,0.0,0.0,0.0,999.0,35.7,180,0.0,0.0,False,True,0.0,0.0,5.75,0.0
OBSJ12PPJ,Business Skipping Jig 1/2 oz PP&J,2.5,4.79,7.99,False,0.0,0.0,0.0,0.0,0.0,0.0,0.0,0.0,0.0,0.0,0.0,0.0,0.0,0.0,0.0,999.0,35.7,180,0.0,0.0,False,True,0.0,0.0,5.75,0.0
OGE1810,Glimmer Eye 1/8 oz 1/0,2.0,3.89,6.49,False,0.0,0.0,0.0,0.0,0.0,0.0,0.0,0.0,0.0,0.0,0.0,0.0,0.0,0.0,0.0,999.0,35.7,180,0.0,0.0,False,True,0.0,0.0,4.67,0.0
OGE1820,Glimmer Eye 1/8 oz 2/0,2.0,3.89,6.49,False,0.0,0.0,0.0,0.0,0.0,0.0,0.0,0.0,0.0,0.0,0.0,0.0,0.0,0.0,0.0,999.0,35.7,180,0.0,0.0,False,True,0.0,0.0,4.67,0.0
OGE31620,Glimmer Eye 3/16 oz 2/0,2.0,3.89,6.49,False,0.0,0.0,0.0,0.0,0.0,0.0,0.0,0.0,0.0,0.0,0.0,0.0,0.0,0.0,0.0,999.0,35.7,180,0.0,0.0,False,True,0.0,0.0,4.67,0.0
OGE31630,Glimmer Eye 3/16 oz 3/0,2.0,3.89,6.49,False,0.0,0.0,0.0,0.0,0.0,0.0,0.0,0.0,0.0,0.0,0.0,0.0,0.0,0.0,0.0,999.0,35.7,180,0.0,0.0,False,True,0.0,0.0,4.67,0.0
OGE1410,Glimmer Eye 1/4 oz 1/0,2.0,3.89,6.49,False,0.0,0.0,0.0,0.0,0.0,0.0,0.0,0.0,0.0,0.0,0.0,0.0,0.0,0.0,0.0,999.0,35.7,180,0.0,0.0,False,True,0.0,0.0,4.67,0.0
OGE1420,Glimmer Eye 1/4 oz 2/0,2.0,3.89,6.49,False,0.0,0.0,0.0,0.0,0.0,0.0,0.0,0.0,0.0,0.0,0.0,0.0,0.0,0.0,0.0,999.0,35.7,180,0.0,0.0,False,True,0.0,0.0,4.67,0.0
OGE1430,Glimmer Eye 1/4 oz 3/0,2.0,3.89,6.49,False,0.0,0.0,0.0,0.0,0.0,0.0,0.0,0.0,0.0,0.0,0.0,0.0,0.0,0.0,0.0,999.0,35.7,180,0.0,0.0,False,True,0.0,0.0,4.67,0.0
OGE3810,Glimmer Eye 3/8 oz 1/0,2.0,3.89,6.49,False,0.0,0.0,0.0,0.0,0.0,0.0,0.0,0.0,0.0,0.0,0.0,0.0,0.0,0.0,0.0,999.0,35.7,180,0.0,0.0,False,True,0.0,0.0,4.67,0.0
OGE3820,Glimmer Eye 3/8 oz 2/0,2.0,3.89,6.49,False,0.0,0.0,0.0,0.0,0.0,0.0,0.0,0.0,0.0,0.0,0.0,0.0,0.0,0.0,0.0,999.0,35.7,180,0.0,0.0,False,True,0.0,0.0,4.67,0.0
OGE3830,Glimmer Eye 3/8 oz 3/0,2.0,3.89,6.49,False,0.0,0.0,0.0,0.0,0.0,0.0,0.0,0.0,0.0,0.0,0.0,0.0,0.0,0.0,0.0,999.0,35.7,180,0.0,0.0,False,True,0.0,0.0,4.67,0.0
FR-OPN11620GP,Dark Green Perfect Ned Head (3-Pack) - Outsiders,2.14,1.99,1.99,False,0.0,60.0,60.0,0.0,0.0,0.0,0.0,0.0,0.0,0.0,0.0,0.0,0.0,0.0,0.0,999.0,35.7,180,0.0,0.0,False,True,128.4,128.4,1.99,-9.0
FR-OPN33210GP,Dark Green Perfect Ned Head (3-Pack) - Outsiders,2.14,1.99,1.99,False,0.0,60.0,60.0,0.0,0.0,1.0,0.0,0.0,0.0,0.0,0.0,0.0,0.0,0.0,0.0,999.0,35.7,180,0.0,0.0,False,True,128.4,128.4,1.99,-9.0
FR-OPN33220GP,Dark Green Perfect Ned Head (3-Pack) - Outsiders,2.14,1.99,1.99,False,0.0,102.0,102.0,0.0,0.0,1.0,0.0,0.0,0.0,0.0,0.0,0.0,0.0,0.0,0.0,999.0,35.7,180,0.0,0.0,False,True,218.28,218.28,1.99,-15.3
FR-OPN18010GP,Dark Green Perfect Ned Head (3-Pack) - Outsiders,2.14,1.99,1.99,False,0.0,444.0,444.0,0.0,0.0,1.0,0.0,0.0,0.0,0.0,0.0,0.0,0.0,0.0,0.0,999.0,35.7,180,0.0,0.0,False,True,950.16,950.16,1.99,-66.6
FR-OPN18020GP,Dark Green Perfect Ned Head (3-Pack) - Outsiders,2.14,1.99,1.99,False,0.0,324.0,324.0,0.0,0.0,1.0,0.0,0.0,0.0,0.0,0.0,0.0,0.0,0.0,0.0,999.0,35.7,180,0.0,0.0,False,True,693.36,693.36,1.99,-48.6
FR-OPN31610GP,Dark Green Perfect Ned Head (3-Pack) - Outsiders,2.14,1.99,1.99,False,0.0,114.0,114.0,0.0,0.0,0.0,0.0,0.0,0.0,0.0,0.0,0.0,0.0,0.0,0.0,999.0,35.7,180,0.0,0.0,False,True,243.96,243.96,1.99,-17.1
FR-OPN31620GP,Dark Green Perfect Ned Head (3-Pack) - Outsiders,2.14,1.99,1.99,False,0.0,120.0,120.0,0.0,0.0,0.0,0.0,0.0,0.0,0.0,0.0,0.0,0.0,0.0,0.0,999.0,35.7,180,0.0,0.0,False,True,256.8,256.8,1.99,-18.0
FR-OPN14020GP,Dark Green Perfect Ned Head (3-Pack) - Outsiders,2.14,1.99,1.99,False,0.0,360.0,360.0,0.0,0.0,0.0,0.0,0.0,0.0,0.0,0.0,0.0,0.0,0.0,0.0,999.0,35.7,180,0.0,0.0,False,True,770.4,770.4,1.99,-54.0
FR - ONBJ516BK,Original Ned Bug Samples (2-Pack) - Outsiders,4.91,1.99,1.99,False,0.0,0.0,0.0,0.0,0.0,2.0,0.0,0.0,0.0,0.0,0.0,0.0,0.0,0.0,0.0,999.0,35.7,180,0.0,0.0,False,True,0.0,0.0,1.99,-0.0
FR - ONBJ516RC,Original Ned Bug Samples (2-Pack) - Outsiders,4.91,1.99,1.99,False,0.0,0.0,0.0,0.0,0.0,0.0,0.0,0.0,0.0,0.0,0.0,0.0,0.0,0.0,0.0,999.0,35.7,180,0.0,0.0,False,True,0.0,0.0,1.99,-0.0
FR - ONBJ38G,Original Ned Bug Samples (2-Pack) - Outsiders,4.91,1.99,1.99,False,0.0,0.0,0.0,0.0,0.0,0.0,0.0,0.0,0.0,0.0,0.0,0.0,0.0,0.0,0.0,999.0,35.7,180,0.0,0.0,False,True,0.0,0.0,1.99,-0.0
FR - ONBJ516G,Original Ned Bug Samples (2-Pack) - Outsiders,4.91,1.99,1.99,False,0.0,0.0,0.0,0.0,0.0,0.0,0.0,0.0,0.0,0.0,0.0,0.0,0.0,0.0,0.0,999.0,35.7,180,0.0,0.0,False,True,0.0,0.0,1.99,-0.0
FR - ONBJ38E,Original Ned Bug Samples (2-Pack) - Outsiders,4.91,1.99,1.99,False,0.0,0.0,0.0,0.0,0.0,0.0,0.0,0.0,0.0,0.0,0.0,0.0,0.0,0.0,0.0,999.0,35.7,180,0.0,0.0,False,True,0.0,0.0,1.99,-0.0
FR - ONBJ516E,Original Ned Bug Samples (2-Pack) - Outsiders,4.91,1.99,1.99,False,0.0,0.0,0.0,0.0,0.0,0.0,0.0,0.0,0.0,0.0,0.0,0.0,0.0,0.0,0.0,999.0,35.7,180,0.0,0.0,False,True,0.0,0.0,1.99,-0.0
OCFJ12BBA,Cage Fighter Jig 1/2oz Blk/Brown Amber,3.2,4.92,8.99,False,0.0,215.0,215.0,8.0,19.0,25.0,0.0,79.92,0.0,19.98,79.92,19.98,0.2857142857142857,0.2087912087912088,0.2087912087912088,1029.7,36.8,180,42.0,0.0,False,True,688.0,553.6,6.14,632.1
OFF332BN,Fighter Fly Jig 3/32oz Brown - 2pk,2.36,5.97,10.29,False,390.0,11.0,401.0,3.0,35.0,97.0,0.0,30.87,0.0,0.0,30.87,0.0,0.10714285714285714,0.38461538461538464,0.38461538461538464,1042.6,37.2,180,77.0,0.0,False,True,946.36,764.64,7.27,1968.91
OFF180WN,Fighter Fly Jig 1/8oz Wine - 2pk,2.36,5.97,10.29,False,150.0,11.0,161.0,0.0,14.0,59.0,0.0,0.0,0.0,0.0,0.0,0.0,0.0,0.15384615384615385,0.15384615384615385,1046.5,37.4,180,31.0,0.0,False,True,379.96,306.8,7.27,790.51
OCJ58BG,Chicken Jig 5/8oz Blue Gill,7.54,10.43,17.99,False,966.0,12.0,978.0,14.0,82.0,155.0,118.68,0.0,0.0,0.0,118.68,0.0,0.5,0.9010989010989011,0.9010989010989011,1085.3,38.8,180,180.0,0.0,False,True,7374.12,6016.92,12.7,5046.48
OSJH14BG,Pro Swim Jig Heavy 1/4oz Bold Gill,2.16,3.47,5.99,False,246.0,0.0,246.0,8.0,20.0,73.0,0.0,47.92,0.0,17.97,47.92,17.97,0.2857142857142857,0.21978021978021978,0.21978021978021978,1119.3,40.0,180,44.0,0.0,False,True,531.36,436.32,4.23,509.22
OFF116WN,Fighter Fly Jig 1/16oz Wine - 2pk,2.36,5.97,10.29,False,78.0,9.0,87.0,0.0,7.0,21.0,0.0,0.0,0.0,0.0,0.0,0.0,0.0,0.07692307692307693,0.07692307692307693,1131.0,40.4,180,15.0,0.0,False,True,205.32,169.92,7.27,427.17
OJPJ34BG,JackPot Jig 3/4oz Bluegill,3.21,5.21,8.99,False,192.0,11.0,203.0,2.0,16.0,37.0,0.0,26.97,0.0,0.0,26.97,0.0,0.07142857142857142,0.17582417582417584,0.17582417582417584,1154.6,41.2,180,35.0,0.0,False,True,651.63,539.28,6.34,635.39
OFF116BN,Fighter Fly Jig 1/16oz Brown - 2pk,2.36,5.97,10.29,False,108.0,10.0,118.0,2.0,9.0,45.0,0.0,20.58,0.0,0.0,20.58,0.0,0.07142857142857142,0.0989010989010989,0.0989010989010989,1193.1,42.6,180,20.0,0.0,False,True,278.48,231.28,7.27,579.38
OFF116SD,Fighter Fly Jig 1/16oz Shad - 2pk,2.36,5.97,10.29,False,96.0,10.0,106.0,2.0,8.0,44.0,0.0,20.58,0.0,0.0,20.58,0.0,0.07142857142857142,0.08791208791208792,0.08791208791208792,1205.8,43.1,180,18.0,0.0,False,True,250.16,207.68,7.27,520.46
OGSH3810W,Golden Eye Swimmer Head 3/8oz (1/0) White - 2pk,1.82,3.47,5.99,False,90.0,16.0,106.0,0.0,8.0,18.0,0.0,0.0,0.0,0.0,0.0,0.0,0.0,0.08791208791208792,0.08791208791208792,1205.8,43.1,180,18.0,0.0,False,True,192.92,160.16,4.23,255.46
Skirt-SBG-5pk,Swim Jig Skirt Bold Gill,1.8,3.47,5.99,True,318.0,0.0,318.0,6.0,24.0,42.0,19.74,0.0,0.0,0.0,19.74,0.0,0.21428571428571427,0.26373626373626374,0.26373626373626374,1205.8,43.1,180,53.0,0.0,False,True,572.4,477.0,4.23,772.74
OPW11610GP,Perfect Ned Head WL 1/16oz (1/0) Green Pumpkin - 3pk.,2.4,4.05,7.49,False,84.0,11.0,95.0,0.0,7.0,31.0,0.0,0.0,0.0,0.0,0.0,0.0,0.0,0.07692307692307693,0.07692307692307693,1235.0,44.1,180,15.0,0.0,False,True,228.0,192.0,5.08,254.6
OCJ58W,Chicken Jig 5/8oz White,7.54,10.43,17.99,False,732.0,12.0,744.0,15.0,54.0,160.0,118.68,71.96,0.0,53.97,190.64,53.97,0.5357142857142857,0.5934065934065934,0.5934065934065934,1253.8,44.8,180,119.0,0.0,False,True,5609.76,4712.5,12.7,3839.04
ONBJ14BK,Ned Bug 1/4oz Black,4.91,7.53,12.99,False,444.0,14.0,458.0,5.0,33.0,70.0,0.0,64.95,0.0,12.99,64.95,12.99,0.17857142857142858,0.3626373626373626,0.3626373626373626,1263.0,45.1,180,73.0,0.0,False,True,2248.78,1890.35,9.17,1951.08
ONBJ14G,Ned Bug 1/4oz Goby,4.91,7.53,12.99,False,474.0,13.0,487.0,5.0,35.0,56.0,0.0,64.95,0.0,0.0,64.95,0.0,0.17857142857142858,0.38461538461538464,0.38461538461538464,1266.2,45.2,180,77.0,0.0,False,True,2391.17,2013.1,9.17,2074.62
OPW11620GP,Perfect Ned Head WL 1/16oz (2/0) Green Pumpkin - 3pk.,2.4,4.05,7.49,False,84.0,14.0,98.0,0.0,7.0,28.0,0.0,0.0,0.0,0.0,0.0,0.0,0.0,0.07692307692307693,0.07692307692307693,1274.0,45.5,180,15.0,0.0,False,True,235.2,199.2,5.08,262.64
Skirt-JJPBJ-5pk,Jig Skirt Peanut Butter and Jelly,1.8,3.47,5.99,True,426.0,0.0,426.0,24.0,30.0,72.0,81.12,0.0,0.0,0.0,81.12,0.0,0.8571428571428571,0.32967032967032966,0.32967032967032966,1292.2,46.2,180,66.0,0.0,False,True,766.8,648.0,4.23,1035.18
OFF332BKCH,Fighter Fly 3/32oz Black/Chart - 2pk,2.36,5.97,10.29,False,204.0,11.0,215.0,8.0,15.0,64.0,33.96,20.58,0.0,0.0,54.54,0.0,0.2857142857142857,0.16483516483516483,0.16483516483516483,1304.3,46.6,180,33.0,0.0,False,True,507.4,429.52,7.27,1055.65
OCJ12C,Chicken Jig 1/2oz Crappie,7.54,10.43,17.99,False,480.0,0.0,480.0,8.0,33.0,42.0,0.0,107.94,0.0,71.96,107.94,71.96,0.2857142857142857,0.3626373626373626,0.3626373626373626,1323.6,47.3,180,73.0,0.0,False,True,3619.2,3068.78,12.7,2476.8
OCJ12BG,Chicken Jig 1/2oz Blue Gill,7.54,10.43,17.99,False,672.0,0.0,672.0,22.0,46.0,101.0,118.68,89.95,0.0,35.98,208.63,35.98,0.7857142857142857,0.5054945054945055,0.5054945054945055,1329.4,47.5,180,101.0,0.0,False,True,5066.88,4305.34,12.7,3467.52
OCJ34WC,Chicken Jig 3/4oz White/Chart.,7.54,10.43,17.99,False,1260.0,1.0,1261.0,16.0,80.0,191.0,118.68,71.96,0.0,0.0,190.64,0.0,0.5714285714285714,0.8791208791208791,0.8791208791208791,1434.4,51.2,180,176.0,0.0,False,True,9507.94,8180.9,12.7,6506.76
OCJ12WC,Chicken Jig 1/2oz White/Chart.,7.54,10.43,17.99,False,942.0,0.0,942.0,17.0,57.0,108.0,59.34,197.89,0.0,71.96,257.23,71.96,0.6071428571428571,0.6263736263736264,0.6263736263736264,1503.9,53.7,180,125.0,0.0,False,True,7102.68,6160.18,12.7,4860.72
OCJ12GS,Chicken Jig 1/2oz Guntersville Shad,7.54,10.43,17.99,False,438.0,0.0,438.0,11.0,26.0,50.0,0.0,143.92,0.0,17.99,143.92,17.99,0.39285714285714285,0.2857142857142857,0.2857142857142857,1533.0,54.8,180,57.0,0.0,False,True,3302.52,2872.74,12.7,2260.08
OFF116BO,Fighter Fly 1/16oz Brown/Orange - 2pk,2.36,5.97,10.29,False,6.0,11.0,17.0,1.0,1.0,25.0,0.0,10.29,0.0,0.0,10.29,0.0,0.03571428571428571,0.01098901098901099,0.01098901098901099,1547.0,55.2,180,2.0,0.0,False,True,40.12,35.4,7.27,83.47
OGSH1410W,Golden Eye Swimmer Head 1/4oz (1/0) White - 2pk,1.82,3.47,5.99,False,192.0,29.0,221.0,7.0,13.0,63.0,19.74,6.52,0.0,6.52,26.26,6.52,0.25,0.14285714285714285,0.14285714285714285,1547.0,55.2,180,29.0,0.0,False,True,402.22,349.44,4.23,532.61
OFF180SD,Fighter Fly Jig 1/8oz Shad - 2pk,2.36,5.97,10.29,False,534.0,8.0,542.0,4.0,31.0,106.0,0.0,51.45,0.0,0.0,51.45,0.0,0.14285714285714285,0.34065934065934067,0.34065934065934067,1591.0,56.8,180,68.0,0.0,False,True,1279.12,1118.64,7.27,2661.22
OPW33220GP,Perfect Ned Head WL 3/32oz (2/0) Green Pumpkin - 3pk.,2.4,4.05,7.49,False,222.0,13.0,235.0,0.0,13.0,23.0,0.0,0.0,0.0,0.0,0.0,0.0,0.0,0.14285714285714285,0.14285714285714285,1645.0,58.8,180,29.0,0.0,False,True,564.0,494.4,5.08,629.8
OCNJ12LS,Chicken Nugget 1/2oz Chartruese Shad,6.28,8.69,14.99,False,192.0,11.0,203.0,2.0,11.0,14.0,0.0,29.98,0.0,14.99,29.98,14.99,0.07142857142857142,0.12087912087912088,0.12087912087912088,1679.4,60.0,180,24.0,0.0,False,True,1274.84,1124.12,10.58,872.9
Skirt-TMC-5pk,Frogs Hair Skirt Money Craw,1.8,3.47,5.99,True,888.0,0.0,888.0,18.0,48.0,156.0,62.46,0.0,0.0,0.0,62.46,0.0,0.6428571428571429,0.5274725274725275,0.5274725274725275,1683.5,60.1,180,105.0,0.0,False,True,1598.4,1409.4,4.23,2157.84
OCNJ14PR,Chicken Nugget 1/4oz Perch,6.28,8.69,14.99,False,288.0,13.0,301.0,0.0,16.0,18.0,0.0,0.0,0.0,0.0,0.0,0.0,0.0,0.17582417582417584,0.17582417582417584,1711.9,61.1,180,35.0,0.0,False,True,1890.28,1670.48,10.58,1294.3
OPN11610GP,Perfect Ned Head 1/16oz (1/0) Green Pumpkin - 3pk.,2.14,4.05,6.99,False,216.0,16.0,232.0,0.0,12.0,41.0,0.0,0.0,0.0,0.0,0.0,0.0,0.0,0.13186813186813187,0.13186813186813187,1759.3,62.8,180,26.0,0.0,False,True,496.48,440.84,4.93,647.28
OCJ34GS,Chicken Jig 3/4oz Guntersville Shad,7.54,10.43,17.99,False,468.0,3.0,471.0,1.0,24.0,42.0,0.0,0.0,0.0,0.0,0.0,0.0,0.03571428571428571,0.26373626373626374,0.26373626373626374,1785.9,63.8,180,53.0,0.0,False,True,3551.34,3151.72,12.7,2430.36
OFF332DG,Fighter Fly Jig 3/32oz Damsel Green - 2pk,2.36,5.97,10.29,False,240.0,11.0,251.0,3.0,12.0,49.0,0.0,30.87,0.0,10.29,30.87,10.29,0.10714285714285714,0.13186813186813187,0.13186813186813187,1903.4,68.0,180,26.0,0.0,False,True,592.36,531.0,7.27,1232.41
OCJ12W,Chicken Jig 1/2oz White,7.54,10.43,17.99,False,924.0,0.0,924.0,19.0,43.0,117.0,118.68,107.94,0.0,0.0,226.62,0.0,0.6785714285714286,0.4725274725274725,0.4725274725274725,1955.4,69.8,180,95.0,0.0,False,True,6966.96,6250.66,12.7,4767.84
OJPJ34BBP,JackPot Jig 3/4oz Black/Blue/Purple,3.21,5.21,8.99,False,186.0,9.0,195.0,0.0,9.0,51.0,0.0,8.99,0.0,0.0,8.99,0.0,0.0,0.0989010989010989,0.0989010989010989,1971.7,70.4,180,20.0,0.0,False,True,625.95,561.75,6.34,610.35
OJPJ34RS,JackPot Jig 3/4oz Rainbow Shad,3.21,5.21,8.99,False,180.0,11.0,191.0,2.0,8.0,43.0,0.0,17.98,0.0,0.0,17.98,0.0,0.07142857142857142,0.08791208791208792,0.08791208791208792,2172.6,77.6,180,18.0,0.0,False,True,613.11,555.33,6.34,597.83
OCJ34BG,Chicken Jig 3/4oz Blue Gill,7.54,10.43,17.99,False,990.0,13.0,1003.0,7.0,42.0,119.0,59.34,17.99,0.0,0.0,77.33,0.0,0.25,0.46153846153846156,0.46153846153846156,2173.2,77.6,180,92.0,0.0,False,True,7562.62,6868.94,12.7,5175.48
OPN33210GP,Perfect Ned Head 3/32oz (1/0) Green Pumpkin - 3pk.,2.14,4.05,6.99,False,198.0,17.0,215.0,0.0,9.0,42.0,0.0,0.0,0.0,0.0,0.0,0.0,0.0,0.0989010989010989,0.0989010989010989,2173.9,77.6,180,20.0,0.0,False,True,460.1,417.3,4.93,599.85
OCJ58P,Chicken Jig 5/8oz Pinky,7.54,10.43,17.99,False,444.0,11.0,455.0,3.0,19.0,31.0,0.0,53.97,0.0,0.0,53.97,0.0,0.10714285714285714,0.2087912087912088,0.2087912087912088,2179.2,77.8,180,42.0,0.0,False,True,3430.7,3114.02,12.7,2347.8
Skirt-JJBS-5pk,Jig Skirt Bruise,1.8,3.47,5.99,True,450.0,0.0,450.0,12.0,18.0,48.0,41.64,0.0,0.0,0.0,41.64,0.0,0.42857142857142855,0.1978021978021978,0.1978021978021978,2275.0,81.2,180,40.0,0.0,False,True,810.0,738.0,4.23,1093.5
OCJ34P,Chicken Jig 3/4oz Pinky,7.54,10.43,17.99,False,474.0,12.0,486.0,3.0,19.0,48.0,0.0,35.98,0.0,0.0,35.98,0.0,0.10714285714285714,0.2087912087912088,0.2087912087912088,2327.7,83.1,180,42.0,0.0,False,True,3664.44,3347.76,12.7,2507.76
Skirt-TBL-5pk,Forgs Hair Skirt Black Light,1.8,3.47,5.99,True,924.0,0.0,924.0,18.0,36.0,84.0,61.38,0.0,0.0,0.0,61.38,0.0,0.6428571428571429,0.3956043956043956,0.3956043956043956,2335.7,83.4,180,79.0,0.0,False,True,1663.2,1521.0,4.23,2245.32
ONBJ38RC,Ned Bug 3/8oz Raw Craw,4.91,7.53,12.99,False,252.0,11.0,263.0,1.0,10.0,18.0,0.0,12.99,0.0,0.0,12.99,0.0,0.03571428571428571,0.10989010989010989,0.10989010989010989,2393.3,85.5,180,22.0,0.0,False,True,1291.33,1183.31,9.17,1120.38
OTI-OFNF332-BG-2,Float N Fly 3/32oz Bluegill 2pk,3.01,6.37,10.99,False,150.0,10.0,160.0,1.0,6.0,11.0,0.0,10.99,0.0,10.99,10.99,10.99,0.03571428571428571,0.06593406593406594,0.06593406593406594,2426.7,86.7,180,13.0,0.0,False,True,481.6,442.47,7.76,760.0
OCNJ38BG,Chicken Nugget 3/8oz Bluegill,6.28,8.69,14.99,False,276.0,11.0,287.0,0.0,10.0,14.0,0.0,0.0,0.0,0.0,0.0,0.0,0.0,0.10989010989010989,0.10989010989010989,2611.7,93.3,180,22.0,0.0,False,True,1802.36,1664.2,10.58,1234.1
ONBJ516BK,Ned Bug 5/16oz Black,4.91,7.53,12.99,False,276.0,12.0,288.0,1.0,10.0,21.0,0.0,12.99,0.0,0.0,12.99,0.0,0.03571428571428571,0.10989010989010989,0.10989010989010989,2620.8,93.6,180,22.0,0.0,False,True,1414.08,1306.06,9.17,1226.88
OTI-OFNF18-BG-2,Float N Fly 1/8oz Bluegill 2pk,3.01,6.37,10.99,False,138.0,9.0,147.0,3.0,5.0,11.0,0.0,43.96,0.0,0.0,43.96,0.0,0.10714285714285714,0.054945054945054944,0.054945054945054944,2675.4,95.6,180,11.0,0.0,False,True,442.47,409.36,7.76,698.25
OCJ34W,Chicken Jig 3/4oz White,7.54,10.43,17.99,False,1470.0,5.0,1475.0,14.0,50.0,157.0,118.68,0.0,0.0,0.0,118.68,0.0,0.5,0.5494505494505495,0.5494505494505495,2684.5,95.9,180,110.0,0.0,False,True,11121.5,10292.1,12.7,7611.0
ONBJ516RC,Ned Bug 5/16oz Raw Craw,4.91,7.53,12.99,False,522.0,11.0,533.0,2.0,18.0,25.0,0.0,25.98,0.0,12.99,25.98,12.99,0.07142857142857142,0.1978021978021978,0.1978021978021978,2694.6,96.2,180,40.0,0.0,False,True,2617.03,2420.63,9.17,2270.58
OTI-OFNF18-BB-2,Float N Fly 1/8oz Baby Bass 2pk,3.01,6.37,10.99,False,138.0,11.0,149.0,4.0,5.0,11.0,0.0,54.95,0.0,0.0,54.95,0.0,0.14285714285714285,0.054945054945054944,0.054945054945054944,2711.8,96.9,180,11.0,0.0,False,True,448.49,415.38,7.76,707.75
OCNJ14BG,Chicken Nugget 1/4oz Bluegill,6.28,8.69,14.99,False,258.0,11.0,269.0,6.0,9.0,19.0,49.44,0.0,0.0,0.0,49.44,0.0,0.21428571428571427,0.0989010989010989,0.0989010989010989,2719.9,97.1,180,20.0,0.0,False,True,1689.32,1563.72,10.58,1156.7
OFF116BKCH,Fighter Fly 1/16oz Black/Chart - 2pk,2.36,5.97,10.29,False,72.0,19.0,91.0,1.0,3.0,22.0,0.0,10.29,0.0,0.0,10.29,0.0,0.03571428571428571,0.03296703296703297,0.03296703296703297,2760.3,98.6,180,7.0,0.0,False,True,214.76,198.24,7.27,446.81
Skirt-TFC-5pk,Frogs Hair Skirt Fighter Craw,1.8,3.47,5.99,True,930.0,0.0,930.0,18.0,30.0,84.0,61.38,0.0,0.0,0.0,61.38,0.0,0.6428571428571429,0.32967032967032966,0.32967032967032966,2821.0,100.8,180,66.0,0.0,False,True,1674.0,1555.2,4.23,2259.9
Skirt-TBBA-5pk,Frogs Hair Skirt Blk/Brown Amber,1.8,3.47,5.99,True,966.0,0.0,966.0,12.0,30.0,42.0,41.64,0.0,0.0,0.0,41.64,0.0,0.42857142857142855,0.32967032967032966,0.32967032967032966,2930.2,104.6,180,66.0,0.0,False,True,1738.8,1620.0,4.23,2347.38
OCJ12P,Chicken Jig 1/2oz Pinky,7.54,10.43,17.99,False,492.0,0.0,492.0,9.0,15.0,36.0,0.0,107.94,0.0,71.96,107.94,71.96,0.32142857142857145,0.16483516483516483,0.16483516483516483,2984.8,106.6,180,33.0,0.0,False,True,3709.68,3460.86,12.7,2538.72
OCNJ38LS,Chicken Nugget 3/8oz Chartruese Shad,6.28,8.69,14.99,False,282.0,14.0,296.0,0.0,9.0,23.0,0.0,0.0,0.0,0.0,0.0,0.0,0.0,0.0989010989010989,0.0989010989010989,2992.9,106.9,180,20.0,0.0,False,True,1858.88,1733.28,10.58,1272.8
ONBJ38G,Ned Bug 3/8oz Goby,4.91,7.53,12.99,False,528.0,11.0,539.0,1.0,16.0,24.0,0.0,8.45,0.0,0.0,8.45,0.0,0.03571428571428571,0.17582417582417584,0.17582417582417584,3065.6,109.5,180,35.0,0.0,False,True,2646.49,2474.64,9.17,2296.14
OCJ34C,Chicken Jig 3/4oz Crappie,7.54,10.43,17.99,False,546.0,14.0,560.0,0.0,16.0,22.0,0.0,0.0,0.0,0.0,0.0,0.0,0.0,0.17582417582417584,0.17582417582417584,3185.0,113.8,180,35.0,0.0,False,True,4222.4,3958.5,12.7,2889.6
Skirt-JJSF-5pk,Jig Skirt Sunfish,1.8,3.47,5.99,True,450.0,0.0,450.0,0.0,12.0,48.0,0.0,0.0,0.0,0.0,0.0,0.0,0.0,0.13186813186813187,0.13186813186813187,3412.5,121.9,180,26.0,0.0,False,True,810.0,763.2,4.23,1093.5
OFF180BO,Fighter Fly 1/8oz Brown/Orange - 2pk,2.36,5.97,10.29,False,390.0,12.0,402.0,1.0,9.0,47.0,0.0,10.29,0.0,0.0,10.29,0.0,0.03571428571428571,0.0989010989010989,0.0989010989010989,4064.7,145.2,180,20.0,0.0,False,True,948.72,901.52,7.27,1973.82
OTI-OFNF332-BB-2,Float N Fly 3/32oz Baby Bass 2pk,3.01,6.37,10.99,False,132.0,13.0,145.0,1.0,3.0,13.0,0.0,10.99,0.0,10.99,10.99,10.99,0.03571428571428571,0.03296703296703297,0.03296703296703297,4398.3,157.1,180,7.0,0.0,False,True,436.45,415.38,7.76,688.75
OCNJ12BG,Chicken Nugget 1/2oz Bluegill,6.28,8.69,14.99,False,246.0,10.0,256.0,3.0,5.0,10.0,0.0,44.97,0.0,14.99,44.97,14.99,0.10714285714285714,0.054945054945054944,0.054945054945054944,4659.2,166.4,180,11.0,0.0,False,True,1607.68,1538.6,10.58,1100.8
OSFJ58FC,Stealth Fighter Jig 5/8oz Fighter Craw,3.2,4.92,8.99,False,0.0,200.0,200.0,2.0,3.0,9.0,0.0,29.97,0.0,0.0,29.97,0.0,0.07142857142857142,0.03296703296703297,0.03296703296703297,6066.7,216.7,180,7.0,0.0,False,True,640.0,617.6,6.14,588.0
OSFJ34FC,Stealth Fighter Jig 3/4oz Fighter Craw,3.2,4.92,8.99,False,0.0,134.0,134.0,2.0,2.0,9.0,0.0,19.98,0.0,0.0,19.98,0.0,0.07142857142857142,0.02197802197802198,0.02197802197802198,6097.0,217.8,180,4.0,0.0,False,True,428.8,416.0,6.14,393.96
ONBJ516G,Ned Bug 5/16oz Goby,4.91,7.53,12.99,False,534.0,7.0,541.0,2.0,8.0,17.0,0.0,25.98,0.0,0.0,25.98,0.0,0.07142857142857142,0.08791208791208792,0.08791208791208792,6153.9,219.8,180,18.0,0.0,False,True,2656.31,2567.93,9.17,2304.66
OCNJ38PR,Chicken Nugget 3/8oz Perch,6.28,8.69,14.99,False,270.0,14.0,284.0,0.0,4.0,6.0,0.0,0.0,0.0,0.0,0.0,0.0,0.0,0.04395604395604396,0.04395604395604396,6461.0,230.8,180,9.0,0.0,False,True,1783.52,1727.0,10.58,1221.2
OFF332WN,Fighter Fly Jig 3/32oz Wine - 2pk,2.36,5.97,10.29,False,66.0,9.0,75.0,1.0,1.0,21.0,0.0,10.29,0.0,0.0,10.29,0.0,0.03571428571428571,0.01098901098901099,0.01098901098901099,6825.0,243.8,180,2.0,0.0,False,True,177.0,172.28,7.27,368.25
ONBJ38BK,Ned Bug 3/8oz Black,4.91,7.53,12.99,False,480.0,15.0,495.0,0.0,6.0,15.0,0.0,0.0,0.0,0.0,0.0,0.0,0.0,0.06593406593406594,0.06593406593406594,7507.5,268.1,180,13.0,0.0,False,True,2430.45,2366.62,9.17,2108.7
OGSH1250GP,Golden Eye Swimmer Head 1/2oz (5/0) Green Pumpkin - 2pk,1.82,3.47,5.99,False,72.0,11.0,83.0,0.0,1.0,23.0,0.0,0.0,0.0,0.0,0.0,0.0,0.0,0.01098901098901099,0.01098901098901099,7553.0,269.8,180,2.0,0.0,False,True,151.06,147.42,4.23,200.03
FR-OPN11610GP,Dark Green Perfect Ned Head (3-Pack) - Outsiders,2.14,1.99,1.99,False,0.0,106.0,106.0,0.0,1.0,2.0,0.0,0.0,0.0,0.0,0.0,0.0,0.0,0.01098901098901099,0.01098901098901099,9646.0,344.5,180,2.0,0.0,False,True,226.84,222.56,1.99,-15.9
OFF332SD,Fighter Fly Jig 3/32oz Shad - 2pk,2.36,5.97,10.29,False,210.0,9.0,219.0,2.0,2.0,67.0,0.0,20.58,0.0,0.0,20.58,0.0,0.07142857142857142,0.02197802197802198,0.02197802197802198,9964.5,355.9,180,4.0,0.0,False,True,516.84,507.4,7.27,1075.29
OCNJ12PR,Chicken Nugget 1/2oz Perch,6.28,8.69,14.99,False,246.0,15.0,261.0,0.0,2.0,5.0,0.0,0.0,0.0,0.0,0.0,0.0,0.0,0.02197802197802198,0.02197802197802198,11875.5,424.1,180,4.0,0.0,False,True,1639.08,1613.96,10.58,1122.3
OCNJ14LS,Chicken Nugget 1/4oz Chartruese Shad,6.28,8.69,14.99,False,270.0,10.0,280.0,0.0,2.0,10.0,0.0,0.0,0.0,0.0,0.0,0.0,0.0,0.02197802197802198,0.02197802197802198,12740.0,455.0,180,4.0,0.0,False,True,1758.4,1733.28,10.58,1204.0
OCJ58C,Chicken Jig 5/8oz Crappie,7.54,10.43,17.99,False,528.0,17.0,545.0,2.0,3.0,14.0,0.0,35.98,0.0,35.98,35.98,35.98,0.07142857142857142,0.03296703296703297,0.03296703296703297,16531.7,590.4,180,7.0,0.0,False,True,4109.3,4056.52,12.7,2812.2
OJPJ34GS,JackPot Jig 3/4oz Guntersville Shad,3.21,5.21,8.99,False,210.0,10.0,220.0,0.0,1.0,26.0,0.0,8.99,0.0,0.0,8.99,0.0,0.0,0.01098901098901099,0.01098901098901099,20020.0,715.0,180,2.0,0.0,False,True,706.2,699.78,6.34,688.6
OSFJ58BBA,Stealth Fighter Jig 5/8oz Blk/Brown Amber,3.2,4.92,8.99,False,0.0,264.0,264.0,0.0,1.0,6.0,0.0,0.0,0.0,0.0,0.0,0.0,0.0,0.01098901098901099,0.01098901098901099,24024.0,858.0,180,2.0,0.0,False,True,844.8,838.4,6.14,776.16
